"seqNames","total_seqlen","ASAR6-141chk1_tucp0.05","ASAR6-141chk2_tucp0.05","ASAR6-141chk3_tucp0.05","ASAR6-141chk4_tucp0.05","ASAR6-141chk5_tucp0.05","Blustr-5ss_tucp0.05","e-Ccnd1_tucp0.05","e-ID1_tucp0.05","e-Klf6_tucp0.05","e-Med13l_tucp0.05","e-Sp3_tucp0.05","e-YY1_tucp0.05","FIRRE-RRD_tucp0.05","HOTTIP-MLL_tucp0.05","HSat3_antisense_tucp0.05","HSat3_sense_tucp0.05","JPX-9_tucp0.05","MEG3-NRE_tucp0.05","ncRNA-a7_tucp0.05","NKILA-SRSFNRE_tucp0.05","NXF1-enChr_tucp0.05","PRRX2-eRNA_tucp0.05","PVT1-22_tucp0.05","SEMA3C-eRNA_tucp0.05","MALAT1E_tucp0.05","MALAT1M_tucp0.05","NEAT1chk1_tucp0.05","NEAT1chk2_tucp0.05","NEAT1chk3_tucp0.05","NEAT1chk4_tucp0.05","NEAT1chk5_tucp0.05","NEAT1chk6_tucp0.05","NEAT1chk7_tucp0.05","NEAT1chk8_tucp0.05","NEAT1chk9_tucp0.05","NEAT1chk10_tucp0.05","NEAT1chk11_tucp0.05","NEAT1chk12_tucp0.05","NEAT1chk13_tucp0.05","NEAT1chk14_tucp0.05","NEAT1chk15_tucp0.05","NEAT1chk16_tucp0.05","NEAT1chk17_tucp0.05","NEAT1chk18_tucp0.05","NEAT1chk19_tucp0.05","NEAT1chk20_tucp0.05","NEAT1chk21_tucp0.05","NEAT1chk22_tucp0.05","XIST-PfIMI_tucp0.05","XISTrA_tucp0.05","XISTrB1_tucp0.05","XISTrB2_tucp0.05","XISTrD_tucp0.05","XISTrE_tucp0.05","XISTrF_tucp0.05","XISTint1_tucp0.05","XISTint2_tucp0.05","XISTint3_tucp0.05","XISTint4_tucp0.05","XISTint5_tucp0.05","XISTint6_tucp0.05","XISTint7_tucp0.05","XISTint8_tucp0.05","XISTint9_tucp0.05","XISTint10_tucp0.05","XISTint11_tucp0.05","XISTint12_tucp0.05","XISTint13_tucp0.05","XISTint14_tucp0.05","ASAR6-141chk1_tucp0.01","ASAR6-141chk2_tucp0.01","ASAR6-141chk3_tucp0.01","ASAR6-141chk4_tucp0.01","ASAR6-141chk5_tucp0.01","Blustr-5ss_tucp0.01","e-Ccnd1_tucp0.01","e-ID1_tucp0.01","e-Med13l_tucp0.01","e-YY1_tucp0.01","FIRRE-RRD_tucp0.01","HOTTIP-MLL_tucp0.01","HSat3_antisense_tucp0.01","HSat3_sense_tucp0.01","JPX-9_tucp0.01","MEG3-NRE_tucp0.01","ncRNA-a7_tucp0.01","NKILA-SRSFNRE_tucp0.01","PRRX2-eRNA_tucp0.01","PVT1-22_tucp0.01","SEMA3C-eRNA_tucp0.01","MALAT1E_tucp0.01","MALAT1M_tucp0.01","NEAT1chk1_tucp0.01","NEAT1chk2_tucp0.01","NEAT1chk3_tucp0.01","NEAT1chk4_tucp0.01","NEAT1chk5_tucp0.01","NEAT1chk6_tucp0.01","NEAT1chk7_tucp0.01","NEAT1chk8_tucp0.01","NEAT1chk9_tucp0.01","NEAT1chk10_tucp0.01","NEAT1chk11_tucp0.01","NEAT1chk12_tucp0.01","NEAT1chk13_tucp0.01","NEAT1chk14_tucp0.01","NEAT1chk15_tucp0.01","NEAT1chk16_tucp0.01","NEAT1chk17_tucp0.01","NEAT1chk19_tucp0.01","NEAT1chk20_tucp0.01","NEAT1chk21_tucp0.01","NEAT1chk22_tucp0.01","XIST-PfIMI_tucp0.01","XISTrA_tucp0.01","XISTrB1_tucp0.01","XISTrB2_tucp0.01","XISTrD_tucp0.01","XISTrE_tucp0.01","XISTrF_tucp0.01","XISTint1_tucp0.01","XISTint2_tucp0.01","XISTint3_tucp0.01","XISTint4_tucp0.01","XISTint5_tucp0.01","XISTint6_tucp0.01","XISTint7_tucp0.01","XISTint8_tucp0.01","XISTint9_tucp0.01","XISTint10_tucp0.01","XISTint11_tucp0.01","XISTint12_tucp0.01","XISTint13_tucp0.01","XISTint14_tucp0.01","ASAR6-141chk1_tucp0.001","ASAR6-141chk2_tucp0.001","ASAR6-141chk3_tucp0.001","ASAR6-141chk4_tucp0.001","ASAR6-141chk5_tucp0.001","HOTTIP-MLL_tucp0.001","JPX-9_tucp0.001","MEG3-NRE_tucp0.001","ncRNA-a7_tucp0.001","PVT1-22_tucp0.001","NEAT1chk1_tucp0.001","NEAT1chk3_tucp0.001","NEAT1chk4_tucp0.001","NEAT1chk7_tucp0.001","NEAT1chk9_tucp0.001","NEAT1chk10_tucp0.001","NEAT1chk11_tucp0.001","NEAT1chk12_tucp0.001","NEAT1chk15_tucp0.001","NEAT1chk16_tucp0.001","XIST-PfIMI_tucp0.001","XISTrA_tucp0.001","XISTrB1_tucp0.001","XISTrB2_tucp0.001","XISTrD_tucp0.001","XISTrE_tucp0.001","XISTrF_tucp0.001","XISTint1_tucp0.001","XISTint2_tucp0.001","XISTint3_tucp0.001","XISTint4_tucp0.001","XISTint6_tucp0.001","XISTint7_tucp0.001","XISTint8_tucp0.001","XISTint9_tucp0.001","XISTint10_tucp0.001","XISTint11_tucp0.001","XISTint12_tucp0.001","XISTint13_tucp0.001","XISTint14_tucp0.001"
"activator_BONIFACIO_chr2_62296250_62426428_ENST00000701158.1_spliced(+)","392",NA,NA,NA,NA,NA,NA,NA,NA,NA,NA,NA,NA,NA,264,NA,NA,NA,NA,NA,NA,34,NA,NA,NA,NA,NA,NA,NA,NA,NA,NA,NA,NA,NA,NA,NA,NA,NA,NA,NA,NA,NA,NA,NA,NA,NA,NA,NA,NA,NA,NA,NA,NA,NA,NA,NA,NA,NA,NA,NA,NA,NA,NA,NA,NA,NA,NA,NA,NA,NA,NA,NA,NA,NA,NA,NA,NA,NA,NA,NA,NA,NA,NA,NA,NA,NA,NA,NA,NA,NA,NA,NA,NA,NA,NA,NA,NA,NA,NA,NA,NA,NA,NA,NA,NA,NA,NA,NA,NA,NA,NA,NA,NA,NA,NA,NA,NA,NA,NA,NA,NA,NA,NA,NA,NA,NA,NA,NA,NA,NA,NA,NA,NA,NA,NA,NA,NA,NA,NA,NA,NA,NA,NA,NA,NA,NA,NA,NA,NA,NA,NA,NA,NA,NA,NA,NA,NA,NA,NA,NA,NA,NA,NA,NA,NA,NA,NA,NA,NA,NA,NA,NA,NA,NA
"activator_BONIFACIO_chr2_62296250_62426428_ENST00000701158.1_unspliced(+)","130179",18706,49243,41585,52557,15343,683,7483,1886,NA,332,296,1427,1785,11528,NA,NA,835,762,967,NA,89,736,2078,9149,6141,6071,1845,486,11999,27904,3123,541,27228,4829,29775,24651,33297,38370,20712,2333,30472,30449,35760,7458,12964,6106,13472,5824,13362,1135,265,102,978,3409,1482,4135,1506,15539,15980,26286,16769,22340,27026,335,822,31037,39558,37418,44712,12150,28657,22683,32280,7240,55,1648,NA,62,NA,NA,281,NA,NA,835,167,NA,NA,373,1409,NA,1966,NA,646,NA,509,11620,250,NA,15111,874,13256,16556,15234,10895,999,NA,11533,11196,4081,NA,NA,NA,630,6174,NA,129,70,NA,1865,NA,696,NA,780,5542,7537,4631,5442,5166,NA,NA,16656,24311,13138,21790,1688,593,944,4873,NA,NA,191,NA,NA,NA,NA,NA,NA,424,1450,1788,NA,3276,NA,2106,NA,NA,NA,NA,NA,NA,NA,NA,NA,NA,NA,NA,NA,NA,NA,NA,NA,4550,NA,1175
"activator_CASC19_chr8_127204412_127219271_ENST00000500112.3_spliced(-)","5768",1822,3102,2918,3235,278,76,387,NA,NA,NA,NA,NA,75,NA,NA,NA,NA,68,NA,NA,34,NA,NA,200,435,315,NA,NA,NA,1310,NA,NA,2166,332,2190,1862,2689,1326,1040,321,1838,2140,NA,NA,NA,NA,NA,NA,963,NA,NA,34,210,166,NA,152,NA,639,1956,2620,1368,450,1372,242,373,2129,1734,1373,2072,1224,1344,1663,2135,278,NA,NA,NA,NA,NA,NA,NA,NA,NA,NA,NA,NA,NA,NA,NA,NA,NA,NA,NA,NA,NA,446,NA,NA,556,NA,315,820,1267,NA,NA,NA,331,574,NA,NA,NA,NA,NA,226,NA,NA,NA,NA,NA,NA,NA,NA,NA,316,1745,NA,NA,NA,NA,NA,440,1734,1145,1625,NA,NA,NA,NA,NA,NA,NA,NA,NA,NA,NA,NA,NA,NA,NA,573,NA,NA,NA,NA,NA,NA,NA,NA,NA,NA,NA,NA,NA,NA,NA,NA,NA,NA,NA,NA,NA,NA,NA,NA
"activator_CASC19_chr8_127204412_127219271_ENST00000500112.3_unspliced(-)","14860",4342,11404,10143,11079,1993,130,387,NA,NA,40,NA,NA,644,NA,NA,NA,NA,68,NA,NA,34,NA,NA,2140,684,1073,NA,NA,1225,6580,NA,NA,7249,904,8366,6931,8797,7847,5381,556,7152,7889,2366,302,575,NA,NA,NA,3166,NA,NA,34,210,500,NA,620,90,2334,5713,7589,3830,5423,6684,242,753,8130,7726,7723,9436,2414,9400,8581,9940,1993,NA,NA,NA,NA,NA,NA,NA,NA,NA,NA,NA,NA,NA,NA,NA,NA,249,NA,NA,NA,NA,3889,NA,NA,4029,NA,4087,4615,5559,722,NA,NA,1747,4939,NA,NA,NA,NA,NA,1700,NA,NA,NA,NA,NA,NA,230,52,615,2171,4143,479,1750,1308,NA,NA,4091,6086,4401,7646,NA,3950,3688,3440,NA,NA,NA,NA,NA,NA,NA,NA,NA,NA,NA,1433,NA,NA,NA,NA,NA,NA,NA,NA,NA,NA,NA,NA,NA,NA,NA,NA,NA,NA,NA,NA,NA,NA,NA,NA
"activator_CISTR-ACT_chr12_53746337_53751979_ENST00000663667.3_spliced(-)","1367",NA,NA,NA,NA,NA,NA,NA,NA,NA,NA,NA,NA,NA,1246,NA,NA,NA,NA,NA,NA,NA,NA,NA,NA,NA,NA,NA,NA,NA,NA,NA,NA,NA,NA,NA,NA,NA,NA,NA,NA,NA,NA,NA,NA,NA,NA,NA,970,NA,NA,NA,NA,NA,NA,NA,NA,NA,NA,NA,NA,NA,NA,NA,NA,NA,NA,NA,NA,NA,NA,NA,NA,NA,NA,NA,NA,NA,NA,NA,NA,NA,NA,NA,NA,NA,NA,NA,NA,NA,NA,NA,NA,NA,NA,NA,NA,NA,NA,NA,NA,NA,NA,NA,NA,NA,NA,NA,NA,NA,NA,NA,NA,NA,NA,NA,NA,NA,NA,NA,NA,NA,NA,NA,NA,NA,NA,NA,NA,NA,NA,NA,NA,NA,NA,NA,NA,NA,NA,NA,NA,NA,NA,NA,NA,NA,NA,NA,NA,NA,NA,NA,NA,NA,NA,NA,NA,NA,NA,NA,NA,NA,NA,NA,NA,NA,NA,NA,NA,NA,NA,NA,NA,NA,NA
"activator_CISTR-ACT_chr12_53746337_53751979_ENST00000663667.3_unspliced(-)","5643",NA,NA,NA,NA,NA,NA,NA,247,NA,113,157,1113,NA,2793,NA,NA,NA,100,NA,88,NA,148,NA,NA,NA,NA,772,223,NA,NA,610,218,NA,1536,230,233,227,901,203,412,230,705,NA,NA,NA,NA,1366,814,246,NA,92,127,733,829,NA,183,275,NA,398,NA,248,1355,NA,NA,NA,NA,NA,NA,NA,NA,NA,NA,NA,NA,NA,NA,NA,NA,984,NA,2793,NA,NA,NA,NA,NA,NA,NA,NA,NA,NA,NA,548,NA,NA,NA,NA,NA,NA,NA,NA,NA,NA,NA,NA,NA,NA,NA,NA,NA,NA,NA,575,NA,NA,36,28,NA,552,NA,NA,NA,NA,NA,NA,NA,NA,NA,NA,NA,NA,NA,NA,NA,NA,NA,NA,NA,NA,NA,NA,NA,NA,NA,NA,NA,NA,NA,NA,NA,NA,NA,NA,NA,NA,NA,NA,NA,NA,NA,NA,NA,NA,NA,NA,NA,NA,NA,NA,NA,NA,NA,NA,NA
"activator_CYP4A22-AS1_chr1_47096653_47179271_ENST00000444042.2_spliced(-)","921",NA,NA,NA,NA,NA,NA,NA,NA,NA,NA,NA,NA,NA,NA,NA,NA,NA,NA,295,NA,NA,NA,NA,NA,NA,NA,NA,NA,NA,NA,NA,NA,NA,NA,NA,NA,NA,NA,NA,NA,NA,NA,NA,NA,NA,NA,NA,NA,NA,NA,NA,NA,NA,NA,NA,NA,NA,NA,NA,NA,NA,NA,NA,NA,NA,NA,NA,NA,NA,NA,NA,NA,NA,NA,NA,NA,NA,NA,NA,NA,NA,NA,NA,NA,NA,NA,NA,NA,NA,NA,NA,NA,NA,NA,NA,NA,NA,NA,NA,NA,NA,NA,NA,NA,NA,NA,NA,NA,NA,NA,NA,NA,NA,NA,NA,NA,NA,NA,NA,NA,NA,NA,NA,NA,NA,NA,NA,NA,NA,NA,NA,NA,NA,NA,NA,NA,NA,NA,NA,NA,NA,NA,NA,NA,NA,NA,NA,NA,NA,NA,NA,NA,NA,NA,NA,NA,NA,NA,NA,NA,NA,NA,NA,NA,NA,NA,NA,NA,NA,NA,NA,NA,NA,NA
"activator_CYP4A22-AS1_chr1_47096653_47179271_ENST00000444042.2_unspliced(-)","82619",28308,46538,46443,51257,18402,253,3501,1253,188,193,371,577,2535,4325,70,70,84,523,295,NA,232,NA,258,19351,6992,13587,247,2102,15682,33153,832,1050,35751,9523,41773,37890,38445,36242,32353,1844,33612,30813,37785,1578,20117,6574,6952,5926,21915,1123,240,112,1349,7052,1955,5504,882,22280,23217,33330,30536,34746,23721,NA,1888,36106,43508,41930,47364,25720,33568,38026,39661,9826,NA,NA,NA,NA,NA,NA,1148,NA,NA,84,241,NA,NA,NA,131,1186,2415,507,247,279,1292,22653,NA,NA,28813,2537,29499,30647,32919,24551,16712,NA,23930,22484,NA,NA,NA,NA,2726,15738,167,119,66,227,5858,NA,322,31,12320,14881,17636,16305,22701,6768,NA,287,20647,31027,20076,33617,5538,2337,11255,4059,NA,NA,NA,NA,NA,NA,NA,NA,NA,14478,9502,20521,10726,14330,1427,14886,NA,NA,NA,NA,NA,NA,NA,NA,NA,NA,NA,NA,NA,NA,NA,NA,NA,3740,NA,5044
"activator_DEANR1_chr20_22560553_22578642_ENST00000564492.1_spliced(-)","4912",1174,1267,2538,3655,967,NA,NA,181,NA,NA,NA,135,48,NA,NA,NA,NA,NA,NA,NA,NA,NA,NA,588,NA,1272,NA,NA,611,1679,219,NA,1257,203,1267,1147,1915,319,1101,NA,939,1785,NA,NA,401,NA,342,NA,NA,NA,NA,27,NA,NA,206,170,NA,694,846,1681,560,208,1596,NA,NA,1610,2072,2631,3459,NA,424,1392,1482,967,NA,NA,NA,NA,NA,NA,NA,NA,NA,NA,NA,NA,NA,NA,NA,NA,NA,NA,NA,NA,NA,1258,NA,NA,1257,NA,507,877,1275,NA,NA,NA,NA,635,NA,NA,NA,NA,NA,NA,NA,NA,NA,NA,NA,NA,NA,NA,NA,NA,NA,NA,NA,NA,NA,NA,1188,915,NA,1525,NA,NA,NA,NA,NA,NA,NA,NA,NA,NA,NA,NA,NA,NA,NA,NA,NA,NA,NA,NA,NA,NA,NA,NA,NA,NA,NA,NA,NA,NA,NA,NA,NA,NA,NA,NA,NA,NA,NA,NA
"activator_DEANR1_chr20_22560553_22578642_ENST00000564492.1_unspliced(-)","18090",3603,6998,8023,9710,3138,52,NA,604,NA,48,NA,2330,290,3989,NA,NA,NA,114,NA,599,95,NA,NA,1891,857,3014,2093,312,1423,6228,219,NA,5213,203,5664,4871,7070,4223,3359,NA,3861,5270,535,NA,1374,NA,2461,3005,1288,147,68,240,328,355,206,415,286,2609,3511,4639,2439,3482,5501,NA,NA,6044,5592,6996,8686,2193,4063,5674,7445,2839,NA,NA,NA,NA,2330,NA,3766,NA,NA,NA,NA,NA,NA,NA,NA,NA,NA,NA,1456,NA,NA,3001,NA,NA,4780,NA,3918,3390,4941,1524,NA,NA,2478,3759,NA,NA,NA,NA,NA,506,NA,68,240,NA,NA,NA,NA,NA,282,469,928,1012,NA,1239,NA,NA,3617,3392,4624,7113,NA,NA,1856,3239,NA,NA,NA,NA,NA,NA,1078,NA,NA,NA,NA,NA,NA,NA,NA,NA,NA,NA,NA,NA,NA,NA,NA,NA,NA,NA,NA,NA,NA,NA,NA,NA,NA,NA,NA,1019
"activator_DEPTOR-AS1_chr8_119867419_119874488_ENST00000500705.3_spliced(-)","1899",NA,NA,220,431,NA,NA,NA,NA,NA,40,NA,729,NA,768,NA,NA,NA,NA,219,NA,NA,NA,NA,NA,NA,NA,798,293,NA,NA,NA,NA,245,NA,221,216,410,420,NA,NA,NA,NA,NA,NA,NA,NA,568,461,NA,NA,NA,NA,NA,NA,NA,NA,NA,NA,NA,NA,NA,207,NA,NA,NA,395,NA,NA,NA,NA,NA,NA,NA,NA,NA,NA,NA,NA,439,NA,768,NA,NA,NA,NA,NA,NA,NA,NA,NA,NA,NA,527,NA,NA,NA,NA,NA,NA,NA,NA,NA,NA,NA,NA,NA,NA,NA,NA,NA,NA,NA,NA,NA,NA,NA,NA,NA,NA,NA,NA,NA,NA,NA,NA,NA,NA,NA,NA,NA,NA,NA,NA,NA,NA,NA,NA,NA,NA,NA,NA,NA,NA,NA,NA,NA,NA,NA,NA,NA,NA,NA,NA,NA,NA,NA,NA,NA,NA,NA,NA,NA,NA,NA,NA,NA,NA,NA,NA,NA,NA,NA,NA,NA
"activator_DEPTOR-AS1_chr8_119867419_119874488_ENST00000500705.3_unspliced(-)","7070",680,1933,2842,3008,657,NA,NA,104,NA,40,NA,852,NA,768,NA,NA,100,NA,NA,54,NA,NA,74,735,719,706,798,293,NA,1218,NA,NA,2405,NA,2771,1923,1740,2093,938,NA,1262,1805,4460,227,972,NA,568,461,990,NA,NA,NA,NA,NA,NA,NA,96,713,686,668,922,1123,2009,NA,NA,2493,2018,2220,2202,337,1676,1591,2026,307,NA,NA,NA,NA,439,NA,768,NA,NA,100,NA,NA,NA,NA,74,NA,NA,NA,527,NA,NA,413,NA,NA,756,NA,2291,784,834,988,NA,NA,NA,998,NA,NA,NA,NA,NA,NA,NA,NA,NA,NA,NA,NA,NA,NA,NA,NA,NA,NA,NA,NA,NA,NA,705,1255,962,367,NA,NA,NA,NA,NA,NA,NA,NA,NA,NA,NA,NA,NA,NA,NA,NA,NA,NA,NA,NA,NA,NA,NA,NA,NA,NA,NA,NA,NA,NA,NA,NA,NA,NA,NA,NA,NA,NA,NA,NA
"activator_DLX1-AS_chr2_172081990_172093647_ENST00000715284.1_spliced(-)","349",229,NA,NA,NA,NA,NA,NA,NA,NA,NA,NA,NA,NA,NA,NA,NA,NA,NA,NA,NA,NA,NA,NA,NA,225,NA,NA,NA,NA,252,NA,NA,240,NA,238,289,NA,NA,NA,NA,256,NA,NA,NA,NA,NA,NA,NA,NA,113,NA,NA,NA,NA,NA,98,NA,NA,NA,NA,NA,NA,NA,NA,NA,NA,NA,NA,NA,NA,NA,NA,NA,NA,NA,NA,NA,NA,NA,NA,NA,NA,NA,NA,NA,NA,NA,NA,NA,NA,NA,NA,NA,NA,NA,NA,NA,NA,NA,NA,NA,NA,NA,NA,NA,NA,NA,NA,NA,NA,NA,NA,NA,NA,113,NA,NA,NA,NA,NA,NA,NA,NA,NA,NA,NA,NA,NA,NA,NA,NA,NA,NA,NA,NA,NA,NA,NA,NA,NA,NA,NA,NA,NA,NA,NA,NA,NA,NA,NA,NA,NA,NA,NA,NA,NA,NA,NA,NA,NA,NA,NA,NA,NA,NA,NA,NA,NA,NA,NA,NA,NA,NA,NA
"activator_DLX1-AS_chr2_172081990_172093647_ENST00000715284.1_unspliced(-)","11658",793,2490,2544,2102,1114,54,603,348,NA,121,150,3922,74,4115,NA,NA,NA,560,395,226,86,97,NA,967,499,NA,2704,557,1646,1614,261,NA,1123,NA,1980,1555,2110,763,890,NA,586,2270,NA,NA,1074,NA,2056,2128,852,328,94,NA,NA,NA,NA,174,154,627,1331,1296,NA,543,734,NA,NA,1502,2061,1584,1834,486,1052,1026,1296,913,NA,NA,NA,NA,2936,NA,2932,NA,NA,NA,NA,NA,NA,NA,NA,NA,NA,NA,1554,NA,NA,1131,NA,NA,574,NA,531,543,708,NA,NA,NA,NA,NA,NA,NA,NA,NA,738,NA,113,94,NA,NA,NA,NA,NA,NA,NA,1069,NA,NA,NA,NA,NA,NA,801,941,773,951,NA,NA,NA,NA,NA,NA,NA,NA,NA,NA,321,NA,NA,NA,NA,NA,NA,NA,NA,NA,NA,NA,NA,NA,NA,NA,NA,NA,NA,NA,NA,NA,NA,NA,NA,NA,NA,NA,NA,NA
"activator_EMICERI_chr9_27529919_27543902_ENST00000645861.1_spliced(+)","8600",2456,5652,4063,5035,2442,NA,478,NA,NA,NA,NA,NA,56,431,NA,NA,NA,NA,NA,NA,NA,NA,66,1402,446,561,NA,NA,1388,2299,NA,NA,2820,847,3666,2850,3545,2916,2201,NA,1684,2863,2461,NA,NA,295,551,NA,638,281,34,NA,NA,192,NA,413,80,967,1226,3094,1003,2179,3201,NA,NA,3538,3777,4452,4358,2106,2864,2001,5035,1108,NA,NA,NA,NA,NA,NA,NA,NA,NA,NA,NA,NA,NA,NA,NA,NA,NA,NA,NA,NA,NA,1461,NA,NA,1224,NA,1187,2420,1928,NA,NA,NA,334,564,NA,NA,NA,NA,NA,NA,NA,34,NA,NA,NA,NA,NA,NA,NA,NA,NA,NA,NA,NA,NA,NA,2315,3104,3056,3613,NA,NA,NA,2027,NA,NA,NA,NA,NA,NA,NA,NA,NA,NA,NA,NA,NA,NA,NA,NA,NA,NA,34,NA,NA,NA,NA,NA,NA,NA,NA,NA,NA,NA,NA,NA,NA,NA,NA,NA
"activator_EMICERI_chr9_27529919_27543902_ENST00000645861.1_unspliced(+)","13984",4096,10399,8838,10180,3651,174,478,NA,NA,NA,NA,NA,250,431,NA,NA,NA,NA,NA,NA,NA,NA,66,2392,890,946,NA,251,1388,6066,NA,NA,6347,847,7174,5710,6689,7636,2742,NA,4641,5325,2461,NA,NA,295,551,NA,2016,281,90,NA,NA,505,NA,530,80,2565,2779,6876,2468,6572,5653,306,435,6917,7381,9310,9259,3531,7611,6382,10180,2084,64,NA,NA,NA,NA,NA,NA,NA,NA,NA,NA,NA,NA,NA,NA,NA,NA,NA,NA,NA,NA,2097,NA,NA,4143,NA,2559,3762,4019,2373,NA,NA,1009,1425,NA,NA,NA,NA,NA,771,NA,61,NA,NA,158,NA,NA,NA,NA,424,NA,NA,NA,620,NA,NA,3440,5910,7225,8514,NA,1593,NA,2027,NA,NA,NA,NA,NA,NA,NA,NA,NA,NA,NA,NA,NA,NA,NA,NA,NA,NA,61,NA,NA,NA,NA,NA,NA,NA,NA,NA,NA,NA,NA,NA,NA,NA,NA,NA
"activator_EPB41L4A-AS1_chr5_112160864_112162315_ENST00000688370.2_spliced(+)","691",NA,NA,NA,NA,NA,NA,NA,NA,NA,NA,NA,405,NA,351,NA,NA,NA,NA,NA,NA,NA,NA,NA,NA,273,NA,205,NA,NA,NA,NA,NA,NA,NA,NA,NA,NA,NA,NA,NA,NA,NA,NA,NA,NA,NA,261,NA,NA,NA,39,NA,NA,NA,NA,NA,NA,NA,NA,NA,NA,NA,NA,NA,NA,NA,NA,NA,NA,NA,NA,NA,NA,NA,NA,NA,NA,NA,405,NA,NA,NA,NA,NA,NA,NA,NA,NA,NA,NA,NA,NA,205,NA,NA,NA,NA,NA,NA,NA,NA,NA,NA,NA,NA,NA,NA,NA,NA,NA,NA,NA,NA,NA,NA,NA,NA,NA,NA,NA,NA,NA,NA,NA,NA,NA,NA,NA,NA,NA,NA,NA,NA,NA,NA,NA,NA,NA,NA,NA,NA,NA,NA,NA,NA,NA,NA,NA,NA,NA,NA,NA,NA,NA,NA,NA,NA,NA,NA,NA,NA,NA,NA,NA,NA,NA,NA,NA,NA,NA,NA,NA,NA,NA
"activator_EPB41L4A-AS1_chr5_112160864_112162315_ENST00000688370.2_unspliced(+)","1452",918,NA,1041,241,NA,NA,NA,NA,NA,NA,NA,405,NA,351,NA,NA,NA,NA,NA,NA,NA,NA,NA,NA,226,1049,205,216,1142,999,NA,NA,995,NA,537,427,733,992,736,NA,535,1222,NA,NA,1004,NA,261,452,328,NA,39,NA,NA,202,NA,252,NA,558,704,495,232,NA,1220,NA,NA,679,1223,390,990,NA,NA,1041,NA,NA,NA,NA,NA,NA,405,NA,NA,NA,NA,NA,NA,NA,NA,NA,NA,NA,NA,NA,205,NA,NA,NA,NA,NA,995,NA,NA,427,NA,NA,NA,NA,NA,1222,NA,NA,NA,NA,NA,NA,NA,NA,NA,NA,NA,NA,NA,NA,NA,NA,NA,NA,NA,NA,NA,NA,679,NA,NA,NA,NA,NA,NA,NA,NA,NA,NA,NA,NA,NA,NA,NA,NA,NA,NA,NA,NA,NA,NA,NA,NA,NA,NA,NA,NA,NA,NA,NA,NA,NA,NA,NA,NA,NA,NA,NA,NA,NA,NA,NA
"activator_EVX1-AS_chr7_27241930_27242962_ENST00000519050.1_spliced(-)","576",NA,NA,NA,NA,NA,NA,NA,226,NA,NA,NA,120,NA,NA,NA,NA,NA,NA,NA,NA,45,NA,NA,NA,NA,NA,NA,NA,NA,NA,NA,NA,NA,NA,NA,NA,NA,NA,NA,NA,NA,NA,NA,NA,NA,NA,NA,NA,NA,NA,NA,NA,NA,NA,NA,NA,NA,NA,NA,NA,NA,NA,NA,NA,NA,NA,NA,NA,NA,NA,NA,NA,NA,NA,NA,NA,NA,NA,NA,NA,NA,NA,NA,NA,NA,NA,NA,NA,NA,NA,NA,NA,NA,NA,NA,NA,NA,NA,NA,NA,NA,NA,NA,NA,NA,NA,NA,NA,NA,NA,NA,NA,NA,NA,NA,NA,NA,NA,NA,NA,NA,NA,NA,NA,NA,NA,NA,NA,NA,NA,NA,NA,NA,NA,NA,NA,NA,NA,NA,NA,NA,NA,NA,NA,NA,NA,NA,NA,NA,NA,NA,NA,NA,NA,NA,NA,NA,NA,NA,NA,NA,NA,NA,NA,NA,NA,NA,NA,NA,NA,NA,NA,NA,NA
"activator_EVX1-AS_chr7_27241930_27242962_ENST00000519050.1_unspliced(-)","1033",394,NA,225,NA,NA,NA,NA,226,NA,NA,NA,NA,NA,260,NA,NA,NA,NA,NA,NA,NA,NA,NA,NA,NA,NA,NA,NA,377,NA,NA,NA,NA,NA,NA,NA,NA,NA,NA,NA,545,NA,NA,NA,NA,NA,NA,NA,NA,172,NA,NA,NA,274,NA,NA,NA,NA,NA,NA,NA,NA,NA,NA,NA,NA,NA,NA,NA,NA,NA,NA,NA,NA,NA,NA,NA,NA,NA,NA,NA,NA,NA,NA,NA,NA,NA,NA,NA,NA,NA,NA,NA,NA,NA,NA,NA,NA,NA,NA,NA,NA,NA,NA,NA,NA,NA,NA,NA,NA,NA,NA,NA,NA,NA,NA,NA,NA,274,NA,NA,NA,NA,NA,NA,NA,NA,NA,NA,NA,NA,NA,NA,NA,NA,NA,NA,NA,NA,NA,NA,NA,NA,NA,NA,NA,NA,NA,NA,NA,NA,NA,NA,NA,NA,NA,NA,NA,NA,NA,NA,NA,NA,NA,NA,NA,NA,NA,NA,NA,NA,NA,NA,NA
"activator_FENDRR_chr16_86474539_86509049_ENST00000659025.1_spliced(-)","3705",NA,650,875,755,NA,NA,NA,NA,NA,NA,NA,319,NA,250,NA,NA,NA,NA,NA,NA,NA,NA,NA,NA,NA,NA,289,NA,NA,472,NA,NA,950,NA,1040,273,354,1039,761,NA,328,364,NA,NA,NA,NA,NA,344,360,NA,NA,NA,NA,NA,NA,NA,NA,NA,360,357,364,390,NA,NA,NA,574,742,331,1266,NA,NA,NA,NA,NA,NA,NA,NA,NA,319,NA,NA,NA,NA,NA,NA,NA,NA,NA,NA,NA,NA,NA,289,NA,NA,NA,NA,NA,NA,NA,448,273,NA,NA,NA,NA,NA,NA,NA,NA,NA,NA,NA,360,NA,NA,NA,NA,NA,NA,NA,NA,NA,NA,NA,364,NA,NA,NA,NA,NA,NA,NA,NA,NA,NA,NA,NA,NA,NA,NA,NA,NA,NA,NA,NA,NA,NA,NA,NA,NA,NA,NA,NA,NA,NA,NA,NA,NA,NA,NA,NA,NA,NA,NA,NA,NA,NA,NA,NA,NA,NA,NA,NA
"activator_FENDRR_chr16_86474539_86509049_ENST00000659025.1_unspliced(-)","34511",1414,2828,3163,3484,768,53,2960,1593,NA,254,1251,6570,176,12004,NA,NA,NA,NA,NA,1104,227,367,NA,967,239,286,4823,805,1363,2528,610,NA,3888,458,3209,2977,2885,3484,4654,317,2358,2645,NA,882,1345,487,10619,9286,2487,199,123,205,NA,531,605,722,305,776,1823,2390,1637,2662,1931,NA,NA,2818,2857,2570,3895,960,1556,1471,1142,768,NA,NA,NA,NA,3651,NA,4396,NA,NA,NA,NA,NA,101,NA,NA,NA,NA,NA,4110,365,211,564,NA,NA,747,NA,1252,1531,944,1631,NA,NA,891,1350,NA,NA,NA,NA,1451,1678,NA,63,61,NA,531,NA,NA,NA,NA,254,NA,364,NA,691,NA,NA,673,669,421,NA,NA,NA,NA,NA,NA,NA,NA,NA,NA,NA,1313,NA,NA,NA,NA,NA,NA,NA,NA,NA,NA,NA,NA,NA,NA,NA,NA,NA,NA,NA,NA,NA,NA,NA,NA,NA,NA,NA,NA,NA
"activator_FOXD2-AS1_chr1_47432133_47434641_ENST00000445551.1_spliced(-)","2509",NA,NA,NA,NA,NA,NA,NA,NA,NA,NA,NA,1426,61,2509,NA,NA,NA,NA,NA,53,NA,NA,NA,NA,NA,NA,886,NA,NA,NA,NA,NA,NA,NA,NA,NA,NA,NA,NA,NA,NA,NA,NA,NA,NA,NA,NA,817,NA,NA,NA,37,NA,NA,NA,NA,146,NA,NA,NA,NA,NA,NA,NA,NA,NA,NA,NA,NA,NA,NA,NA,NA,NA,NA,NA,NA,NA,1157,NA,2509,NA,NA,NA,NA,NA,NA,NA,NA,NA,NA,NA,280,NA,NA,NA,NA,NA,NA,NA,NA,NA,NA,NA,NA,NA,NA,NA,NA,NA,NA,NA,NA,NA,NA,NA,37,NA,NA,NA,NA,NA,NA,NA,NA,NA,NA,NA,NA,NA,NA,NA,NA,NA,NA,NA,NA,NA,NA,NA,NA,NA,NA,NA,NA,NA,NA,NA,NA,NA,NA,NA,NA,NA,NA,NA,NA,NA,NA,NA,NA,NA,NA,NA,NA,NA,NA,NA,NA,NA,NA,NA,NA,NA
"activator_FOXD2-AS1_chr1_47432133_47434641_ENST00000445551.1_unspliced(-)","2509",NA,NA,NA,NA,NA,NA,NA,NA,NA,NA,NA,1426,61,2509,NA,NA,NA,NA,NA,53,NA,NA,NA,NA,NA,NA,886,NA,NA,NA,NA,NA,NA,NA,NA,NA,NA,NA,NA,NA,NA,NA,NA,NA,NA,NA,NA,817,NA,NA,NA,37,NA,NA,NA,NA,146,NA,NA,NA,NA,NA,NA,NA,NA,NA,NA,NA,NA,NA,NA,NA,NA,NA,NA,NA,NA,NA,1157,NA,2509,NA,NA,NA,NA,NA,NA,NA,NA,NA,NA,NA,280,NA,NA,NA,NA,NA,NA,NA,NA,NA,NA,NA,NA,NA,NA,NA,NA,NA,NA,NA,NA,NA,NA,NA,37,NA,NA,NA,NA,NA,NA,NA,NA,NA,NA,NA,NA,NA,NA,NA,NA,NA,NA,NA,NA,NA,NA,NA,NA,NA,NA,NA,NA,NA,NA,NA,NA,NA,NA,NA,NA,NA,NA,NA,NA,NA,NA,NA,NA,NA,NA,NA,NA,NA,NA,NA,NA,NA,NA,NA,NA,NA
"activator_FOXD3-AS1_chr1_63320878_63323736_ENST00000717766.1_spliced(-)","989",NA,NA,NA,NA,NA,NA,NA,241,NA,NA,NA,704,NA,594,NA,NA,NA,NA,NA,200,92,NA,NA,NA,NA,NA,806,NA,NA,NA,NA,NA,NA,NA,NA,NA,NA,NA,NA,NA,NA,NA,NA,NA,NA,NA,NA,NA,NA,NA,NA,NA,NA,NA,NA,79,NA,NA,NA,NA,NA,NA,NA,NA,NA,NA,NA,NA,NA,NA,NA,NA,NA,NA,NA,NA,NA,NA,530,NA,NA,NA,NA,NA,NA,NA,NA,NA,NA,NA,NA,NA,806,NA,NA,NA,NA,NA,NA,NA,NA,NA,NA,NA,NA,NA,NA,NA,NA,NA,NA,NA,NA,NA,NA,NA,NA,NA,NA,NA,NA,NA,NA,NA,NA,NA,NA,NA,NA,NA,NA,NA,NA,NA,NA,NA,NA,NA,NA,NA,NA,NA,NA,NA,NA,NA,NA,NA,NA,NA,NA,NA,NA,NA,NA,NA,NA,NA,NA,NA,NA,NA,NA,NA,NA,NA,NA,NA,NA,NA,NA,NA,NA,NA
"activator_FOXD3-AS1_chr1_63320878_63323736_ENST00000717766.1_unspliced(-)","2859",NA,NA,NA,NA,NA,NA,NA,463,NA,NA,179,1854,NA,1649,NA,NA,NA,NA,205,474,197,NA,NA,NA,NA,NA,1829,NA,744,NA,234,NA,NA,NA,NA,NA,NA,NA,NA,NA,NA,NA,NA,461,NA,NA,NA,1589,NA,216,135,188,NA,NA,233,79,NA,NA,NA,NA,NA,NA,NA,NA,NA,208,NA,NA,NA,NA,NA,NA,NA,NA,NA,NA,NA,NA,1601,NA,249,NA,NA,NA,NA,NA,NA,NA,NA,NA,NA,NA,1829,NA,NA,NA,NA,NA,NA,NA,NA,NA,NA,NA,NA,NA,NA,NA,NA,NA,NA,NA,NA,NA,NA,NA,NA,NA,NA,NA,NA,NA,NA,NA,NA,NA,NA,NA,NA,NA,NA,NA,NA,NA,NA,NA,NA,NA,NA,NA,NA,NA,NA,NA,1590,NA,NA,NA,NA,NA,NA,NA,NA,NA,NA,NA,NA,NA,NA,NA,NA,NA,NA,NA,NA,NA,NA,NA,NA,NA,NA,NA,NA,NA
"activator_GAS6-DT_chr13_113864112_113866834_ENST00000669254.1_spliced(+)","2009",880,400,620,1007,NA,NA,NA,NA,NA,NA,NA,198,385,NA,NA,NA,NA,NA,NA,174,146,NA,48,NA,NA,NA,225,NA,NA,272,NA,NA,475,NA,343,929,757,1001,731,NA,588,864,NA,NA,239,NA,NA,NA,655,NA,NA,NA,NA,NA,NA,83,NA,885,NA,1037,357,596,557,NA,NA,823,1029,642,272,880,400,294,294,NA,NA,NA,NA,NA,NA,NA,NA,NA,NA,NA,NA,NA,NA,NA,NA,NA,NA,NA,NA,NA,NA,NA,NA,NA,475,NA,343,929,400,419,NA,NA,349,864,NA,NA,NA,NA,NA,399,NA,NA,NA,NA,NA,NA,NA,NA,NA,NA,394,357,NA,NA,NA,NA,NA,NA,NA,NA,NA,NA,NA,NA,NA,NA,NA,NA,NA,NA,NA,NA,NA,NA,NA,NA,NA,NA,NA,NA,NA,NA,NA,NA,NA,NA,NA,NA,NA,NA,NA,NA,NA,NA,NA,NA,NA,NA,NA,NA
"activator_GAS6-DT_chr13_113864112_113866834_ENST00000669254.1_unspliced(+)","2723",880,400,987,1007,NA,NA,NA,NA,NA,NA,NA,188,385,NA,NA,NA,NA,NA,NA,174,146,NA,48,146,NA,NA,NA,NA,NA,272,NA,NA,475,NA,740,1220,757,1001,731,NA,588,864,NA,NA,239,NA,NA,NA,655,NA,NA,NA,NA,NA,NA,83,NA,885,NA,1037,357,596,557,147,NA,823,1029,642,272,880,400,294,294,NA,NA,NA,NA,NA,NA,NA,NA,NA,NA,NA,NA,NA,NA,NA,NA,NA,NA,NA,NA,NA,NA,NA,NA,NA,475,NA,343,929,400,419,NA,NA,349,864,NA,NA,NA,NA,NA,399,NA,NA,NA,NA,NA,NA,NA,NA,NA,NA,394,357,NA,NA,NA,NA,NA,NA,NA,NA,NA,NA,NA,NA,NA,NA,NA,NA,NA,NA,NA,NA,NA,NA,NA,NA,NA,NA,NA,NA,NA,NA,NA,NA,NA,NA,NA,NA,NA,NA,NA,NA,NA,NA,NA,NA,NA,NA,NA,NA
"activator_GATA6-AS1_chr18_22166894_22169876_ENST00000780841.1_spliced(-)","1275",NA,NA,NA,216,210,NA,NA,NA,NA,NA,158,598,NA,1020,NA,NA,NA,NA,NA,259,NA,NA,NA,NA,266,230,1047,NA,NA,281,NA,NA,281,NA,229,NA,229,NA,NA,NA,NA,NA,NA,NA,NA,NA,NA,267,NA,NA,NA,68,NA,NA,NA,NA,NA,NA,NA,NA,NA,NA,NA,NA,NA,209,NA,282,288,NA,NA,NA,NA,NA,NA,NA,NA,NA,305,NA,NA,NA,NA,NA,NA,NA,NA,NA,NA,NA,266,NA,1047,NA,NA,NA,NA,NA,NA,NA,NA,NA,NA,NA,NA,NA,NA,NA,NA,NA,NA,NA,NA,NA,NA,NA,NA,NA,NA,NA,NA,NA,NA,NA,NA,NA,NA,NA,NA,NA,NA,NA,NA,NA,NA,NA,NA,NA,NA,NA,NA,NA,NA,NA,1047,NA,NA,NA,NA,NA,NA,NA,NA,NA,NA,NA,NA,NA,NA,NA,NA,NA,NA,NA,NA,NA,NA,NA,NA,NA,NA,NA,NA,NA
"activator_GATA6-AS1_chr18_22166894_22169876_ENST00000780841.1_unspliced(-)","2983",NA,NA,NA,216,412,NA,NA,238,NA,NA,204,2013,NA,952,NA,NA,NA,NA,NA,167,NA,NA,NA,NA,336,230,1067,341,549,500,NA,NA,524,NA,229,231,229,NA,NA,NA,NA,230,NA,NA,NA,NA,NA,712,NA,NA,70,138,NA,NA,NA,NA,NA,NA,NA,NA,NA,NA,NA,NA,NA,209,NA,282,518,NA,NA,NA,NA,NA,NA,NA,NA,NA,1425,NA,NA,NA,NA,NA,NA,NA,NA,NA,NA,NA,336,NA,746,NA,NA,NA,NA,NA,NA,NA,NA,NA,NA,NA,NA,NA,NA,NA,NA,NA,NA,NA,NA,NA,NA,70,70,NA,NA,NA,NA,NA,NA,NA,NA,NA,NA,NA,NA,NA,NA,NA,NA,NA,NA,NA,NA,NA,NA,NA,NA,NA,NA,NA,746,NA,NA,NA,NA,NA,NA,NA,NA,NA,NA,NA,28,NA,NA,NA,NA,NA,NA,NA,NA,NA,NA,NA,NA,NA,NA,NA,NA,NA
"activator_HAGLR_chr2_176173002_176188531_ENST00000452365.2_spliced(-)","4183",647,1607,1219,2011,260,NA,417,NA,NA,NA,165,623,NA,1396,NA,NA,NA,NA,NA,63,NA,81,NA,NA,NA,NA,345,NA,746,1357,NA,NA,1259,NA,1062,976,402,1017,NA,NA,1104,677,NA,NA,NA,NA,NA,1012,NA,NA,36,84,NA,NA,233,NA,47,392,NA,617,NA,910,611,NA,NA,1285,1105,1527,1308,647,1607,954,1628,NA,NA,NA,NA,NA,NA,NA,1052,NA,NA,NA,NA,NA,NA,NA,NA,NA,NA,NA,345,NA,NA,1094,NA,NA,943,NA,1062,NA,402,NA,NA,NA,NA,NA,NA,NA,NA,NA,NA,NA,NA,36,NA,NA,NA,NA,NA,NA,NA,NA,NA,NA,NA,NA,NA,NA,NA,649,1217,1034,NA,NA,NA,NA,NA,NA,NA,NA,NA,NA,NA,NA,NA,NA,NA,NA,NA,NA,NA,NA,NA,NA,NA,NA,NA,NA,NA,NA,NA,NA,NA,NA,NA,NA,NA,NA,NA,NA,NA,NA
"activator_HAGLR_chr2_176173002_176188531_ENST00000452365.2_unspliced(-)","15530",1989,5541,5209,6467,549,NA,1960,171,NA,42,165,1894,80,3139,NA,NA,NA,83,NA,236,63,162,128,912,1222,1444,1390,270,2728,3429,NA,NA,3991,988,4144,3836,3188,6285,472,NA,3990,2257,2826,253,1846,642,345,2368,245,NA,36,84,NA,249,233,454,150,1535,910,4477,1834,3366,3630,154,NA,3538,3261,4603,5192,1220,3898,3052,2724,289,NA,NA,NA,NA,1161,NA,2077,NA,NA,NA,NA,NA,NA,NA,36,NA,NA,NA,1390,NA,1013,1640,NA,NA,1995,NA,1737,1233,1928,2411,NA,NA,926,487,NA,NA,NA,NA,292,NA,NA,36,NA,NA,NA,NA,NA,NA,NA,NA,NA,NA,1157,NA,NA,NA,486,920,2073,2559,NA,NA,NA,NA,NA,NA,NA,NA,NA,NA,383,NA,NA,NA,NA,NA,NA,NA,NA,NA,NA,NA,NA,NA,NA,NA,NA,NA,NA,NA,NA,NA,NA,NA,NA,NA,NA,NA,NA,NA
"activator_HIDALGO_chr11_5241952_5247707_ENST00000759251.1_spliced(-)","991",NA,NA,244,377,NA,NA,NA,NA,NA,NA,NA,NA,128,NA,NA,NA,NA,NA,NA,NA,NA,NA,NA,NA,NA,NA,NA,NA,232,573,NA,NA,NA,NA,408,NA,NA,NA,282,NA,NA,NA,NA,NA,NA,NA,NA,NA,NA,NA,NA,NA,NA,NA,NA,NA,NA,NA,NA,NA,203,NA,NA,NA,NA,207,NA,305,270,NA,NA,NA,NA,NA,NA,NA,NA,NA,NA,NA,NA,NA,NA,NA,NA,NA,NA,NA,NA,NA,NA,NA,NA,NA,NA,NA,NA,NA,NA,NA,NA,NA,NA,NA,NA,NA,NA,NA,NA,NA,NA,NA,NA,NA,NA,NA,NA,NA,NA,NA,NA,NA,NA,NA,NA,NA,NA,NA,NA,NA,NA,NA,NA,NA,NA,NA,NA,NA,NA,NA,NA,NA,NA,NA,NA,NA,NA,NA,NA,NA,NA,NA,NA,NA,NA,NA,NA,NA,NA,NA,NA,NA,NA,NA,NA,NA,NA,NA,NA,NA,NA,NA,NA,NA
"activator_HIDALGO_chr11_5241952_5247707_ENST00000759251.1_unspliced(-)","5756",1116,4864,3268,4030,520,NA,NA,NA,NA,79,NA,NA,617,NA,NA,NA,NA,NA,NA,NA,NA,86,NA,692,774,783,NA,278,1416,2870,520,NA,2430,NA,3482,2272,2394,3151,2032,NA,1912,2131,5449,NA,758,NA,NA,NA,923,NA,30,NA,NA,452,NA,346,NA,1511,481,2380,2126,2965,2801,NA,NA,2772,3129,3091,3927,1116,2305,2772,3653,NA,NA,NA,NA,NA,NA,NA,NA,NA,NA,NA,NA,NA,NA,NA,NA,NA,NA,NA,NA,NA,NA,2056,NA,NA,2430,NA,2101,2020,1178,1342,1125,NA,484,976,NA,758,NA,NA,NA,NA,NA,30,NA,NA,452,NA,NA,NA,NA,NA,NA,1237,1667,NA,NA,NA,1540,2889,1751,2432,NA,NA,NA,NA,NA,NA,NA,NA,NA,NA,NA,NA,NA,881,NA,NA,NA,NA,NA,NA,NA,NA,NA,NA,NA,NA,NA,NA,NA,NA,NA,NA,NA,NA,NA,NA,NA,NA,NA,NA
"activator_HNF1A-AS1_chr12_120941723_120980939_ENST00000760046.1_spliced(-)","630",NA,NA,NA,NA,NA,NA,NA,NA,NA,NA,NA,NA,NA,405,NA,NA,NA,NA,NA,NA,NA,95,NA,NA,NA,NA,NA,NA,NA,NA,NA,NA,NA,211,NA,NA,NA,NA,NA,NA,NA,NA,NA,NA,NA,NA,NA,NA,NA,NA,NA,NA,NA,NA,NA,NA,NA,NA,NA,NA,NA,NA,NA,NA,NA,NA,NA,NA,NA,NA,NA,NA,NA,NA,NA,NA,NA,NA,NA,NA,NA,NA,NA,NA,NA,NA,NA,NA,NA,NA,NA,NA,NA,NA,NA,NA,NA,NA,NA,NA,NA,NA,NA,NA,NA,NA,NA,NA,NA,NA,NA,NA,NA,NA,NA,NA,NA,NA,NA,NA,NA,NA,NA,NA,NA,NA,NA,NA,NA,NA,NA,NA,NA,NA,NA,NA,NA,NA,NA,NA,NA,NA,NA,NA,NA,NA,NA,NA,NA,NA,NA,NA,NA,NA,NA,NA,NA,NA,NA,NA,NA,NA,NA,NA,NA,NA,NA,NA,NA,NA,NA,NA,NA,NA
"activator_HNF1A-AS1_chr12_120941723_120980939_ENST00000760046.1_unspliced(-)","39217",1002,4236,3605,5309,2748,NA,1040,759,189,106,NA,3134,91,5328,66,66,345,NA,1643,62,182,1031,947,240,NA,444,2478,297,NA,2029,340,NA,1894,675,3368,2249,2031,4291,2033,469,2825,1921,1998,4326,1016,956,3840,4729,480,105,196,170,217,177,599,758,385,NA,1243,1277,934,2375,947,719,217,2889,3797,3122,3706,493,1421,910,2770,904,NA,NA,NA,NA,387,NA,3886,26,26,345,NA,NA,NA,NA,664,NA,NA,NA,1551,NA,NA,546,NA,NA,449,NA,466,971,761,NA,NA,NA,NA,401,NA,NA,NA,NA,2222,NA,NA,89,125,NA,NA,NA,NA,55,NA,NA,NA,NA,NA,230,NA,NA,1083,1816,NA,241,NA,NA,NA,NA,NA,NA,NA,NA,NA,61,748,NA,NA,NA,NA,NA,NA,NA,NA,NA,NA,NA,NA,NA,NA,NA,NA,NA,NA,NA,NA,NA,NA,NA,NA,NA,NA,NA,NA,NA
"activator_HOTAIRM1_chr7_27096124_27099966_ENST00000429611.7_spliced(+)","722",NA,NA,NA,NA,NA,NA,NA,NA,NA,NA,NA,455,NA,553,NA,NA,NA,NA,NA,NA,NA,NA,NA,NA,NA,NA,265,NA,299,326,NA,NA,NA,NA,NA,NA,NA,NA,NA,NA,NA,NA,NA,NA,NA,NA,NA,NA,NA,NA,NA,74,NA,NA,NA,NA,NA,NA,NA,NA,NA,NA,NA,NA,NA,NA,NA,NA,299,NA,NA,NA,NA,NA,NA,NA,NA,NA,455,NA,NA,NA,NA,NA,NA,NA,NA,NA,NA,NA,NA,NA,NA,NA,NA,NA,NA,NA,NA,NA,NA,NA,NA,NA,NA,NA,NA,NA,NA,NA,NA,NA,NA,NA,NA,NA,34,NA,NA,NA,NA,NA,NA,NA,NA,NA,NA,NA,NA,NA,NA,NA,NA,NA,NA,NA,NA,NA,NA,NA,NA,NA,NA,NA,NA,NA,NA,NA,NA,NA,NA,NA,NA,NA,NA,NA,NA,NA,NA,NA,NA,NA,NA,NA,NA,NA,NA,NA,NA,NA,NA,NA,NA,NA
"activator_HOTAIRM1_chr7_27096124_27099966_ENST00000429611.7_unspliced(+)","3843",NA,526,539,502,425,NA,NA,475,NA,53,NA,1277,NA,2022,NA,NA,NA,67,NA,57,NA,182,NA,107,253,486,835,NA,205,878,NA,NA,317,NA,994,238,926,NA,NA,NA,NA,252,NA,NA,NA,NA,849,694,NA,NA,NA,106,NA,NA,NA,192,103,NA,NA,NA,NA,NA,503,NA,NA,746,502,555,1044,NA,NA,NA,NA,NA,NA,NA,NA,53,571,NA,1051,NA,NA,NA,NA,NA,NA,NA,NA,NA,NA,NA,835,NA,NA,NA,NA,NA,317,NA,NA,NA,NA,NA,NA,NA,NA,NA,NA,NA,NA,NA,NA,NA,NA,NA,34,NA,NA,NA,NA,NA,NA,NA,NA,NA,NA,NA,NA,NA,NA,502,NA,NA,NA,NA,NA,NA,NA,NA,NA,NA,NA,NA,NA,NA,NA,NA,NA,NA,NA,NA,NA,NA,NA,NA,NA,NA,NA,NA,NA,NA,NA,NA,NA,NA,NA,NA,NA,NA,NA,NA,NA,NA
"activator_HOTTIP_chr7_27200421_27207259_NR037843.3_spliced(+)","4665",708,789,688,1027,NA,NA,NA,382,NA,174,NA,1442,NA,3561,NA,NA,NA,NA,NA,302,39,NA,NA,605,NA,NA,825,238,NA,752,286,NA,760,NA,708,769,816,1252,NA,209,1480,649,NA,NA,NA,NA,NA,1734,568,151,42,96,NA,NA,NA,290,NA,340,416,795,224,634,637,NA,NA,1011,502,1059,1071,708,424,688,413,NA,NA,NA,NA,NA,322,NA,3119,NA,NA,NA,NA,NA,NA,NA,NA,NA,NA,NA,383,NA,NA,NA,NA,NA,421,NA,270,NA,816,NA,NA,NA,NA,NA,NA,NA,NA,NA,NA,NA,151,42,NA,NA,NA,NA,NA,NA,NA,NA,NA,NA,NA,NA,NA,NA,394,NA,419,1071,NA,NA,NA,NA,NA,3119,NA,NA,NA,NA,NA,NA,NA,NA,NA,NA,NA,NA,NA,NA,NA,NA,NA,NA,NA,NA,NA,NA,NA,NA,NA,NA,NA,NA,NA,NA,NA,NA,NA,NA
"activator_HOTTIP_chr7_27200421_27207259_NR037843.3_unspliced(+)","6839",708,789,1191,1531,NA,NA,532,496,NA,174,NA,1514,352,4288,NA,NA,NA,NA,NA,302,39,NA,NA,605,NA,NA,926,238,446,752,286,NA,760,NA,1151,769,1055,1594,266,209,1480,1049,NA,321,NA,NA,NA,2345,568,151,42,96,NA,NA,NA,437,NA,619,416,795,224,1328,637,NA,NA,1011,502,1059,1557,708,424,688,413,NA,NA,NA,NA,NA,322,NA,3846,NA,NA,NA,NA,NA,NA,NA,NA,NA,NA,NA,689,NA,NA,NA,NA,NA,421,NA,270,NA,816,NA,NA,NA,NA,NA,NA,NA,NA,NA,775,NA,151,42,NA,NA,NA,NA,NA,NA,NA,NA,NA,NA,NA,NA,NA,NA,394,NA,419,1071,NA,NA,NA,NA,NA,2216,NA,NA,NA,NA,NA,NA,NA,NA,NA,NA,NA,NA,NA,NA,NA,NA,NA,NA,NA,NA,NA,NA,NA,NA,NA,NA,NA,NA,NA,NA,NA,NA,NA,NA
"activator_KHDC1-AS1_chr6_73263222_73301789_ENST00000671298.1_spliced(+)","2928",969,577,529,934,NA,NA,NA,104,NA,41,NA,743,NA,1381,NA,NA,NA,96,536,NA,NA,114,79,160,NA,NA,582,NA,282,334,NA,NA,446,NA,1032,821,1248,952,344,NA,488,1124,NA,274,NA,NA,NA,1065,577,NA,NA,NA,NA,NA,NA,NA,38,NA,590,1145,1037,1301,734,NA,NA,810,252,465,312,464,NA,529,453,NA,NA,NA,NA,NA,640,NA,869,NA,NA,NA,NA,NA,NA,NA,NA,NA,NA,NA,582,NA,NA,NA,NA,NA,446,NA,407,402,1248,NA,NA,NA,NA,528,NA,NA,NA,NA,NA,577,NA,NA,NA,NA,NA,NA,NA,NA,NA,NA,580,544,715,NA,NA,NA,363,NA,NA,NA,NA,NA,NA,NA,NA,NA,NA,NA,NA,NA,NA,NA,NA,NA,NA,NA,NA,NA,NA,NA,NA,NA,NA,NA,NA,NA,NA,NA,NA,NA,NA,NA,NA,NA,NA,NA,NA,NA,NA,NA
"activator_KHDC1-AS1_chr6_73263222_73301789_ENST00000671298.1_unspliced(+)","38568",4877,16225,11213,14645,5886,166,1053,555,NA,141,NA,2192,794,3102,38,38,496,96,1654,213,383,734,853,3583,2154,2962,2582,435,1450,6983,NA,216,8090,1433,10711,10547,10146,11972,6800,NA,9467,8483,10163,3437,5446,1616,934,2449,4305,106,NA,48,207,216,1065,755,479,7085,4128,9884,6908,7766,8161,185,887,9747,11374,11622,11773,3424,9750,4718,7827,2121,NA,NA,NA,NA,943,NA,1951,NA,NA,496,NA,NA,NA,NA,422,NA,NA,NA,1289,NA,NA,3515,NA,NA,5097,NA,4826,6656,6742,5135,686,NA,4527,3896,NA,NA,NA,NA,881,1465,NA,NA,48,NA,NA,NA,NA,NA,849,879,1757,1677,3431,2040,NA,NA,5082,7446,4902,5817,NA,NA,NA,NA,NA,NA,NA,NA,NA,76,NA,NA,NA,NA,NA,NA,NA,NA,NA,NA,NA,NA,NA,NA,NA,NA,NA,NA,NA,NA,NA,NA,NA,NA,NA,NA,NA,NA,NA,NA
"activator_LINC00240_chr6_26956915_27023925_ENST00000724057.1_spliced(+)","699",NA,NA,NA,NA,NA,NA,NA,NA,NA,NA,NA,208,NA,205,NA,NA,NA,NA,NA,NA,NA,NA,NA,NA,NA,NA,205,NA,NA,NA,NA,NA,NA,NA,NA,NA,NA,NA,NA,NA,NA,NA,NA,NA,NA,NA,NA,225,NA,NA,NA,NA,NA,NA,NA,NA,NA,NA,NA,NA,NA,NA,NA,NA,NA,NA,NA,NA,NA,NA,NA,NA,NA,NA,NA,NA,NA,NA,208,NA,NA,NA,NA,NA,NA,NA,NA,NA,NA,NA,NA,NA,205,NA,NA,NA,NA,NA,NA,NA,NA,NA,NA,NA,NA,NA,NA,NA,NA,NA,NA,NA,NA,NA,NA,NA,NA,NA,NA,NA,NA,NA,NA,NA,NA,NA,NA,NA,NA,NA,NA,NA,NA,NA,NA,NA,NA,NA,NA,NA,NA,NA,NA,NA,NA,NA,NA,NA,NA,NA,NA,NA,NA,NA,NA,NA,NA,NA,NA,NA,NA,NA,NA,NA,NA,NA,NA,NA,NA,NA,NA,NA,NA,NA
"activator_LINC00240_chr6_26956915_27023925_ENST00000724057.1_unspliced(+)","67011",28062,34750,41272,50536,25450,266,490,NA,149,313,NA,774,1753,2134,80,80,NA,NA,NA,226,NA,128,76,12733,5584,10187,507,NA,9773,34913,NA,207,38576,1422,39134,37188,39071,34449,23886,237,28715,31380,16055,624,3408,1911,647,1323,12974,762,27,NA,226,3279,463,4996,81,14100,18634,25627,15435,24091,36832,NA,368,43009,46781,41249,54276,21909,31026,36722,46956,23737,210,NA,NA,NA,774,NA,NA,26,26,NA,NA,NA,NA,NA,76,1292,527,665,507,NA,NA,22252,NA,NA,33197,NA,32853,30498,30935,14248,4375,NA,16650,15378,1633,NA,NA,NA,NA,8520,NA,27,NA,NA,2115,NA,1192,NA,4355,10246,10273,6723,6651,25938,NA,NA,35030,42223,32827,52302,6848,23436,26414,28884,3242,NA,NA,NA,NA,NA,NA,NA,NA,12714,2615,6981,6142,5800,NA,NA,NA,NA,NA,NA,NA,NA,NA,NA,NA,NA,NA,NA,NA,NA,NA,NA,14021,9877,NA,23793
"activator_LINC01089_chr12_121795267_121803484_ENST00000429892.5_spliced(-)","1521",NA,NA,NA,NA,NA,NA,NA,NA,NA,NA,NA,220,NA,1130,34,34,NA,NA,NA,NA,32,NA,NA,NA,NA,NA,847,NA,NA,NA,NA,NA,NA,NA,NA,NA,NA,NA,NA,NA,NA,NA,NA,NA,NA,NA,641,203,NA,NA,NA,27,NA,163,NA,118,43,NA,NA,NA,NA,NA,NA,NA,279,NA,NA,NA,NA,NA,NA,NA,NA,NA,NA,NA,NA,NA,NA,NA,624,NA,NA,NA,NA,NA,NA,NA,NA,NA,NA,NA,472,NA,NA,NA,NA,NA,NA,NA,NA,NA,NA,NA,NA,NA,NA,NA,NA,NA,NA,NA,NA,NA,NA,NA,27,NA,NA,NA,NA,NA,NA,NA,NA,NA,NA,NA,NA,NA,NA,NA,NA,NA,NA,NA,NA,NA,NA,NA,NA,NA,NA,NA,NA,NA,NA,NA,NA,NA,NA,NA,NA,NA,NA,NA,NA,27,NA,NA,NA,NA,NA,NA,NA,NA,NA,NA,NA,NA,NA,NA,NA,NA
"activator_LINC01089_chr12_121795267_121803484_ENST00000429892.5_unspliced(-)","8218",456,1135,939,907,NA,NA,NA,1136,NA,134,NA,2429,NA,6125,34,34,97,NA,NA,277,200,NA,75,NA,NA,NA,3354,303,663,849,603,NA,475,666,703,914,861,668,657,909,1030,346,NA,NA,2110,NA,3679,4332,379,246,44,163,NA,163,NA,410,96,707,334,718,NA,827,774,NA,NA,423,687,835,1173,456,NA,939,508,NA,NA,NA,NA,NA,881,NA,5619,NA,NA,97,NA,NA,NA,NA,75,NA,NA,NA,3354,NA,NA,849,NA,NA,475,NA,703,687,861,NA,NA,NA,NA,NA,NA,NA,NA,NA,2411,379,NA,44,120,NA,NA,NA,164,52,NA,334,NA,NA,NA,NA,NA,NA,NA,NA,NA,1173,NA,NA,NA,NA,NA,NA,NA,NA,NA,NA,457,NA,NA,NA,NA,NA,NA,NA,NA,NA,NA,NA,NA,27,NA,NA,NA,NA,NA,NA,NA,NA,NA,NA,NA,NA,NA,NA,NA,NA
"activator_LNCAROD_chr10_52451317_52755404_ENST00000647908.1_spliced(-)","815",NA,NA,NA,NA,NA,NA,NA,NA,NA,NA,NA,NA,NA,217,NA,NA,NA,NA,NA,NA,NA,NA,NA,NA,NA,NA,NA,NA,NA,NA,NA,NA,NA,NA,NA,NA,NA,NA,NA,NA,NA,NA,NA,NA,NA,NA,NA,NA,NA,NA,NA,NA,NA,NA,NA,NA,NA,NA,NA,NA,NA,NA,NA,NA,273,NA,NA,NA,NA,NA,NA,NA,NA,NA,NA,NA,NA,NA,NA,NA,NA,NA,NA,NA,NA,NA,NA,NA,NA,NA,NA,NA,NA,NA,NA,NA,NA,NA,NA,NA,NA,NA,NA,NA,NA,NA,NA,NA,NA,NA,NA,NA,NA,NA,NA,NA,NA,NA,NA,NA,NA,NA,NA,NA,NA,NA,NA,NA,NA,NA,NA,NA,NA,NA,NA,NA,NA,NA,NA,NA,NA,NA,NA,NA,NA,NA,NA,NA,NA,NA,NA,NA,NA,NA,NA,NA,NA,NA,NA,NA,NA,NA,NA,NA,NA,NA,NA,NA,NA,NA,NA,NA,NA,NA
"activator_LNCAROD_chr10_52451317_52755404_ENST00000647908.1_unspliced(-)","304088",133459,228096,223322,237713,106504,1917,3454,292,570,704,NA,2183,11149,4959,159,159,99,694,1030,199,292,537,1118,55723,24073,42491,635,2121,32471,176461,1144,1185,174397,8332,189766,165016,186781,176443,123819,4140,153458,152507,71456,4098,16155,8373,2890,1685,81605,1496,297,158,1272,13538,3810,19124,971,87767,102856,143228,92301,126369,165443,491,4963,192729,213072,213747,241321,116302,215600,192853,224719,88185,NA,707,NA,26,NA,569,NA,NA,NA,99,NA,NA,NA,NA,810,1401,2310,2931,NA,216,641,114179,NA,NA,137788,406,147397,130573,146149,79612,20405,NA,98794,92182,NA,NA,NA,NA,NA,52494,122,133,104,NA,8843,NA,3225,34,21681,46430,73463,38269,32140,101373,NA,NA,154926,185260,173799,211961,23514,146659,92327,139910,NA,NA,NA,NA,NA,NA,NA,NA,NA,31601,25835,35144,29658,11854,2627,10444,NA,NA,NA,NA,NA,NA,NA,NA,NA,NA,NA,NA,NA,NA,NA,NA,40510,44889,14198,46147
"activator_NBR2_chr17_43125551_43153649_ENST00000657841.1_spliced(+)","1895",408,406,751,406,NA,NA,NA,NA,NA,NA,NA,106,NA,226,NA,NA,NA,NA,NA,NA,42,NA,NA,NA,259,NA,NA,NA,NA,418,260,NA,494,NA,630,646,811,1120,NA,NA,1091,788,NA,NA,NA,NA,496,NA,NA,NA,67,NA,NA,NA,NA,81,NA,428,NA,NA,376,435,NA,NA,NA,402,NA,270,316,NA,NA,NA,NA,NA,NA,NA,NA,NA,NA,NA,NA,NA,NA,NA,NA,NA,NA,NA,NA,NA,NA,NA,NA,NA,NA,NA,NA,NA,213,NA,NA,NA,NA,1120,NA,NA,1091,408,NA,NA,NA,NA,NA,NA,NA,NA,NA,NA,NA,NA,NA,NA,NA,NA,NA,NA,NA,NA,NA,NA,NA,NA,NA,NA,NA,NA,NA,NA,NA,NA,NA,NA,NA,NA,NA,NA,NA,NA,NA,NA,NA,NA,NA,NA,NA,NA,NA,NA,NA,NA,NA,NA,NA,NA,NA,NA,NA,NA,NA,NA,NA,NA,NA,NA
"activator_NBR2_chr17_43125551_43153649_ENST00000657841.1_unspliced(+)","28099",2520,4927,5124,6901,2171,NA,440,NA,NA,NA,NA,2328,237,5578,NA,NA,144,323,501,137,179,288,786,864,1304,691,980,289,1744,4162,592,NA,4085,1493,3738,3776,4372,7035,3923,651,4396,5468,5308,1749,3607,512,2538,3192,1004,NA,67,54,561,169,602,273,60,3073,2169,3215,2777,4810,2840,NA,NA,4545,3558,2956,3340,1097,1150,2721,2856,1380,NA,NA,NA,NA,580,NA,2650,NA,NA,144,NA,NA,NA,NA,251,NA,NA,NA,692,NA,471,1725,NA,NA,2117,728,2313,2436,1604,3757,262,NA,2928,2969,NA,NA,NA,NA,249,NA,NA,NA,NA,NA,169,NA,NA,NA,719,386,NA,NA,NA,522,NA,NA,1036,1399,NA,1457,NA,NA,NA,NA,NA,NA,NA,NA,NA,NA,692,NA,NA,NA,NA,NA,NA,NA,NA,NA,NA,NA,NA,NA,NA,NA,NA,NA,NA,NA,NA,NA,NA,NA,NA,NA,NA,NA,NA,NA
"activator_NKX2-1-AS1_chr14_36519278_36523016_ENST00000521292.2_spliced(+)","1775",NA,NA,NA,237,220,NA,NA,138,NA,NA,NA,689,NA,1037,NA,NA,NA,NA,NA,131,NA,NA,NA,NA,344,NA,552,NA,NA,NA,NA,NA,NA,NA,236,303,NA,NA,NA,NA,NA,NA,NA,NA,NA,NA,NA,NA,NA,NA,85,27,NA,NA,NA,NA,NA,NA,NA,NA,NA,NA,NA,NA,NA,NA,NA,NA,231,NA,NA,NA,NA,NA,NA,NA,NA,NA,NA,NA,762,NA,NA,NA,NA,NA,NA,NA,NA,NA,NA,NA,336,NA,NA,NA,NA,NA,NA,NA,NA,NA,NA,NA,NA,NA,NA,NA,NA,NA,NA,NA,NA,NA,NA,NA,27,NA,NA,NA,NA,NA,NA,NA,NA,NA,NA,NA,NA,NA,NA,NA,NA,NA,NA,NA,NA,NA,NA,NA,NA,NA,NA,NA,NA,NA,NA,NA,NA,NA,NA,NA,NA,NA,NA,NA,NA,NA,NA,NA,NA,NA,NA,NA,NA,NA,NA,NA,NA,NA,NA,NA,NA,NA
"activator_NKX2-1-AS1_chr14_36519278_36523016_ENST00000521292.2_unspliced(+)","3739",267,240,253,237,220,108,NA,678,NA,54,NA,1935,NA,2372,NA,NA,NA,NA,NA,131,NA,NA,56,NA,344,NA,1553,291,257,NA,NA,NA,NA,NA,236,303,NA,NA,NA,NA,NA,NA,NA,NA,NA,NA,259,670,NA,NA,167,71,NA,NA,NA,NA,NA,NA,NA,NA,NA,NA,NA,NA,NA,NA,NA,272,231,NA,NA,NA,NA,NA,NA,NA,NA,NA,1246,NA,1600,NA,NA,NA,NA,NA,NA,NA,NA,NA,NA,NA,1337,NA,NA,NA,NA,NA,NA,NA,NA,NA,NA,NA,NA,NA,NA,NA,NA,NA,NA,NA,NA,NA,NA,82,27,NA,NA,NA,NA,NA,NA,NA,NA,NA,NA,NA,NA,NA,NA,NA,NA,NA,NA,NA,NA,NA,NA,NA,NA,NA,NA,NA,NA,NA,NA,NA,NA,NA,NA,NA,NA,NA,NA,NA,NA,NA,NA,NA,NA,NA,NA,NA,NA,NA,NA,NA,NA,NA,NA,NA,NA,NA
"activator_NR2F1-AS1_chr5_93409356_93581219_ENST00000669203.2_spliced(-)","2739",1221,1336,1624,1936,226,NA,NA,NA,NA,NA,NA,NA,NA,NA,NA,NA,NA,NA,NA,NA,NA,NA,NA,483,215,664,NA,205,NA,1210,NA,NA,1224,NA,1673,1296,1230,1777,1036,NA,1073,1490,1644,NA,NA,NA,NA,NA,861,NA,NA,40,NA,NA,NA,165,206,562,1144,1397,1159,1824,1787,NA,NA,960,1520,1278,1954,1221,1336,1624,1936,226,NA,NA,NA,NA,NA,NA,NA,NA,NA,NA,NA,NA,NA,NA,NA,NA,NA,664,NA,NA,NA,1210,NA,NA,1224,NA,1673,1296,1230,445,1036,NA,844,1490,NA,NA,NA,NA,NA,NA,NA,NA,40,NA,NA,NA,NA,NA,NA,NA,NA,NA,NA,965,NA,NA,320,1520,451,1954,NA,NA,NA,1003,NA,NA,NA,NA,NA,NA,NA,NA,NA,NA,NA,NA,NA,NA,NA,NA,NA,NA,NA,NA,NA,NA,NA,NA,NA,NA,NA,NA,NA,NA,NA,NA,NA,NA,NA,NA
"activator_NR2F1-AS1_chr5_93409356_93581219_ENST00000669203.2_unspliced(-)","171864",90287,117691,132643,119540,62240,894,2582,1594,804,816,581,5069,5251,6629,NA,NA,NA,803,461,606,466,205,539,45386,27202,47691,4327,4270,45088,114009,1776,1996,115694,11885,119664,112849,119053,118177,95293,3906,99389,110156,103900,2316,41900,10477,4504,5513,61189,3323,446,372,413,13094,2533,17094,1552,73215,72289,102611,77415,97643,101996,NA,3412,109399,115677,121432,114913,83868,93471,122472,101041,51607,51,NA,941,NA,3138,69,4087,NA,NA,NA,NA,NA,NA,NA,352,2062,4212,6639,2853,429,2974,93926,NA,NA,106501,2106,103471,103741,106641,83464,37685,NA,76008,88398,6991,NA,NA,NA,731,45867,NA,260,230,209,10588,NA,3716,31,38385,40431,70841,40366,49150,71587,NA,NA,89881,100985,88876,99045,24681,43658,73977,51726,NA,NA,NA,NA,NA,NA,1133,NA,2370,54159,36614,57441,28839,37741,3294,29705,NA,NA,NA,NA,NA,NA,NA,NA,NA,NA,NA,NA,NA,NA,NA,NA,37497,37427,13807,29934
"activator_OLMALINC_chr10_100373569_100411616_ENST00000658059.1_spliced(+)","5893",NA,3524,NA,3221,212,84,NA,NA,NA,41,NA,238,NA,288,NA,NA,NA,NA,NA,NA,NA,NA,NA,NA,NA,NA,235,NA,NA,NA,NA,NA,NA,NA,NA,NA,NA,NA,NA,NA,264,NA,NA,NA,NA,NA,NA,NA,NA,NA,33,64,NA,NA,NA,NA,NA,NA,NA,NA,NA,NA,NA,NA,NA,208,1314,NA,1013,NA,NA,NA,1133,NA,NA,NA,NA,NA,NA,NA,NA,NA,NA,NA,NA,NA,NA,NA,NA,NA,NA,NA,NA,NA,NA,NA,NA,NA,NA,NA,NA,NA,NA,NA,NA,NA,NA,NA,NA,NA,NA,NA,NA,NA,NA,33,64,NA,NA,NA,NA,NA,NA,NA,NA,NA,NA,NA,NA,NA,NA,NA,NA,NA,NA,NA,NA,NA,NA,NA,NA,NA,NA,NA,NA,NA,NA,NA,NA,NA,NA,NA,NA,NA,NA,NA,NA,NA,NA,NA,NA,NA,NA,NA,NA,NA,NA,NA,NA,NA,NA,NA,NA,NA
"activator_OLMALINC_chr10_100373569_100411616_gene_unspliced(+)","38048",4827,16512,10757,13029,3347,141,115,NA,NA,250,NA,660,461,2476,NA,NA,217,353,958,134,27,361,628,2703,676,932,235,282,1366,6336,1070,395,7620,1898,9072,8110,9618,13004,4024,NA,8990,7162,10395,2905,4645,NA,NA,295,4106,112,59,65,628,195,NA,975,366,1550,4698,9772,6208,11881,5131,NA,740,6027,9453,6663,9048,3507,2789,5652,5646,1103,NA,NA,NA,NA,NA,NA,592,NA,NA,217,NA,NA,NA,NA,458,NA,457,NA,NA,NA,NA,2214,NA,NA,3786,624,3067,4665,2352,7184,NA,NA,1772,2182,NA,NA,NA,NA,NA,1839,NA,59,NA,NA,195,NA,222,NA,NA,728,1328,1810,1209,1445,NA,NA,2006,1314,1121,2239,NA,NA,NA,NA,NA,NA,NA,NA,NA,NA,NA,NA,NA,NA,NA,NA,NA,NA,NA,NA,NA,NA,NA,NA,NA,NA,NA,NA,NA,NA,NA,NA,NA,NA,NA,NA,NA,NA,NA,NA
"activator_PANTR1_chr2_104807572_104851453_ENST00000686195.1_spliced(-)","703",NA,NA,NA,NA,NA,NA,NA,NA,NA,NA,NA,NA,NA,NA,NA,NA,NA,NA,NA,NA,NA,NA,NA,NA,NA,NA,NA,NA,NA,NA,NA,NA,NA,NA,NA,NA,NA,NA,NA,NA,NA,NA,NA,NA,NA,NA,NA,NA,NA,NA,NA,NA,NA,NA,NA,NA,NA,NA,NA,NA,NA,NA,NA,NA,NA,NA,NA,NA,212,NA,NA,NA,NA,NA,NA,NA,NA,NA,NA,NA,NA,NA,NA,NA,NA,NA,NA,NA,NA,NA,NA,NA,NA,NA,NA,NA,NA,NA,NA,NA,NA,NA,NA,NA,NA,NA,NA,NA,NA,NA,NA,NA,NA,NA,NA,NA,NA,NA,NA,NA,NA,NA,NA,NA,NA,NA,NA,NA,NA,NA,NA,NA,NA,NA,NA,NA,NA,NA,NA,NA,NA,NA,NA,NA,NA,NA,NA,NA,NA,NA,NA,NA,NA,NA,NA,NA,NA,NA,NA,NA,NA,NA,NA,NA,NA,NA,NA,NA,NA,NA,NA,NA,NA,NA
"activator_PANTR1_chr2_104807572_104851453_ENST00000686195.1_unspliced(-)","43882",14802,25602,25421,25119,9683,297,623,1430,NA,213,669,3355,816,4194,NA,NA,72,362,153,289,109,NA,165,8710,4158,8034,3428,837,10100,19357,1040,624,20779,990,22604,20540,21191,21820,12919,752,16765,17548,11402,268,10874,1017,3468,3299,8991,608,214,49,209,871,908,2047,347,10209,11477,16194,10583,12849,17138,NA,489,19599,21651,23739,26024,10537,22015,18608,20068,8284,NA,NA,NA,54,2613,NA,1528,NA,NA,72,NA,NA,NA,NA,129,2219,847,NA,2486,NA,1599,10663,NA,NA,15710,NA,13592,13959,14746,9106,858,NA,8161,7383,NA,NA,NA,NA,460,5473,NA,110,49,NA,440,NA,171,NA,1214,5496,6170,3471,3698,9484,NA,NA,12368,14239,18178,20909,NA,5474,7926,6364,NA,NA,NA,NA,NA,NA,1618,NA,NA,5736,1971,1982,2668,NA,NA,NA,NA,NA,26,NA,NA,NA,NA,NA,NA,NA,NA,NA,NA,NA,NA,NA,7097,3741,3138,2701
"activator_POC1B-AS1_chr12_89524545_89548005_ENST00000605233.4_spliced(+)","8207",1130,3641,2647,3729,346,NA,NA,NA,NA,NA,NA,289,33,NA,NA,NA,NA,259,NA,NA,50,NA,NA,476,872,NA,285,NA,1184,1361,NA,NA,1663,NA,2545,1355,1053,1899,1075,NA,1850,1317,1699,NA,NA,NA,NA,643,562,NA,NA,NA,NA,NA,NA,101,NA,250,1198,693,1602,1440,741,157,332,1344,2372,1423,2548,534,460,678,629,346,NA,NA,NA,NA,NA,NA,NA,NA,NA,NA,NA,NA,NA,NA,NA,NA,NA,NA,NA,NA,NA,655,NA,NA,535,NA,460,1085,444,565,NA,NA,639,1317,NA,NA,NA,NA,NA,NA,NA,NA,NA,NA,NA,NA,NA,NA,NA,NA,NA,NA,NA,NA,NA,NA,625,837,623,1424,NA,460,NA,NA,NA,NA,NA,NA,NA,NA,NA,NA,NA,NA,NA,NA,NA,NA,NA,NA,NA,NA,NA,NA,NA,NA,NA,NA,NA,NA,NA,NA,NA,NA,NA,NA,NA,NA,NA,NA
"activator_POC1B-AS1_chr12_89524545_89548005_ENST00000605233.4_unspliced(+)","23461",4911,14887,12983,15573,3986,65,NA,387,NA,NA,NA,1528,321,1727,NA,NA,NA,431,NA,NA,50,NA,NA,2591,2897,3107,900,NA,2830,8344,NA,438,9204,NA,9889,8507,8557,12591,6095,NA,7261,9458,6155,278,NA,806,227,1212,4036,135,63,35,NA,159,504,848,120,4302,3999,8786,7697,8222,5554,157,332,10096,11384,11482,13249,3116,11338,8237,10682,3388,NA,NA,NA,NA,1097,NA,357,NA,NA,NA,NA,NA,NA,NA,NA,NA,1202,511,900,NA,NA,5009,NA,NA,5565,NA,6060,5443,6301,3874,1898,NA,2533,6880,NA,NA,NA,NA,NA,2925,NA,NA,35,NA,159,NA,NA,NA,1396,468,2911,1180,2080,784,NA,NA,8190,7752,8022,10888,NA,1964,NA,NA,NA,NA,NA,NA,NA,NA,NA,NA,NA,NA,NA,1205,894,2237,NA,NA,NA,NA,NA,NA,NA,NA,NA,NA,NA,NA,NA,NA,NA,NA,NA,NA,747,1585,NA,NA
"activator_PVT1_chr8_127794524_128101256_ENST00000667305.2_unspliced(+)","306733",38968,67040,72771,77054,18822,977,17148,6913,774,1191,1417,9055,4154,42767,85,85,1105,1832,2314,206,1033,1647,4140,16571,10809,21454,4739,8820,35111,57263,14496,2500,62937,32696,68243,64158,68191,105254,61431,12017,59830,79918,93786,10003,58104,20428,62215,25434,28286,1369,387,61,6959,10684,6134,8542,4598,43899,35175,54290,43166,71440,40200,457,2484,49712,56676,55500,64111,16344,28250,33272,34749,8079,104,NA,639,61,165,NA,10523,NA,NA,1105,69,NA,NA,205,2902,496,393,305,2948,1128,2679,17005,748,NA,31736,2892,30476,31953,29828,37993,11762,NA,17860,30182,10249,NA,399,8871,10563,13033,NA,148,34,NA,6783,639,566,324,7144,12472,12158,11940,17852,7905,NA,NA,19006,26424,17377,24522,1695,1868,7137,5185,NA,NA,164,NA,NA,112,595,NA,NA,2985,5463,5559,1945,7415,NA,2183,NA,NA,28,NA,NA,NA,NA,NA,NA,NA,NA,NA,NA,NA,NA,NA,NA,NA,NA,NA
"activator_SLC12A9-AS1_chr7_100837306_100852637_ENST00000814168.1_spliced(-)","447",NA,NA,NA,NA,NA,NA,NA,NA,NA,NA,NA,278,NA,NA,NA,NA,NA,NA,NA,NA,NA,NA,NA,NA,NA,NA,225,NA,NA,NA,NA,NA,NA,NA,NA,NA,NA,NA,NA,NA,NA,NA,NA,NA,NA,NA,NA,NA,NA,NA,NA,NA,NA,NA,NA,NA,NA,NA,NA,NA,NA,NA,NA,NA,NA,NA,NA,NA,NA,NA,NA,NA,NA,NA,NA,NA,NA,NA,NA,NA,NA,NA,NA,NA,NA,NA,NA,NA,NA,NA,NA,NA,NA,NA,NA,NA,NA,NA,NA,NA,NA,NA,NA,NA,NA,NA,NA,NA,NA,NA,NA,NA,NA,NA,NA,NA,NA,NA,NA,NA,NA,NA,NA,NA,NA,NA,NA,NA,NA,NA,NA,NA,NA,NA,NA,NA,NA,NA,NA,NA,NA,NA,NA,NA,NA,NA,NA,NA,NA,NA,NA,NA,NA,NA,NA,NA,NA,NA,NA,NA,NA,NA,NA,NA,NA,NA,NA,NA,NA,NA,NA,NA,NA,NA
"activator_SLC12A9-AS1_chr7_100837306_100852637_ENST00000814168.1_unspliced(-)","15332",3241,3901,4481,3999,1659,92,129,174,NA,27,NA,1059,97,2029,NA,NA,NA,163,274,142,73,184,203,909,272,265,690,NA,2331,3008,1257,NA,5069,390,3956,5243,3797,4880,1703,989,4638,4475,3270,1674,3646,248,1355,814,1524,111,63,NA,NA,423,255,1421,113,3742,2368,3742,2824,1654,2134,NA,NA,3414,4563,3583,2263,2508,1507,4224,1257,727,NA,NA,NA,NA,394,NA,304,NA,NA,NA,NA,NA,NA,NA,NA,NA,NA,NA,NA,NA,NA,1179,856,NA,3379,NA,2490,3517,2809,NA,NA,616,2081,1638,NA,NA,NA,NA,NA,297,NA,NA,NA,NA,256,NA,241,NA,NA,NA,2543,NA,NA,1383,NA,NA,1299,1988,2121,1290,NA,NA,NA,NA,NA,NA,NA,NA,NA,NA,NA,NA,NA,NA,NA,NA,NA,NA,NA,NA,NA,NA,NA,NA,NA,NA,NA,NA,NA,NA,NA,NA,NA,NA,NA,NA,NA,NA,NA,NA
"activator_SSTR5-AS1_chr16_1064087_1073645_ENST00000565992.2_spliced(-)","2778",NA,NA,NA,NA,NA,NA,NA,459,NA,NA,NA,1566,NA,2006,NA,NA,NA,361,NA,233,NA,NA,45,NA,NA,NA,212,NA,NA,NA,NA,NA,NA,NA,NA,NA,NA,NA,NA,NA,NA,NA,NA,NA,NA,NA,1192,1058,NA,NA,198,40,NA,NA,NA,NA,NA,NA,NA,NA,NA,NA,NA,NA,NA,NA,NA,NA,NA,NA,NA,NA,NA,NA,NA,NA,NA,NA,NA,NA,2006,NA,NA,NA,NA,NA,NA,NA,45,NA,NA,NA,212,NA,NA,NA,NA,NA,NA,NA,NA,NA,NA,NA,NA,NA,NA,NA,NA,NA,NA,NA,1058,NA,NA,83,40,NA,NA,NA,NA,NA,NA,NA,NA,NA,NA,NA,NA,NA,NA,NA,NA,NA,NA,NA,NA,NA,NA,NA,NA,NA,NA,NA,NA,NA,NA,NA,NA,NA,NA,NA,NA,NA,NA,NA,NA,NA,NA,NA,NA,NA,NA,NA,NA,NA,NA,NA,NA,NA,NA,NA,NA,NA
"activator_SSTR5-AS1_chr16_1064087_1073645_ENST00000565992.2_unspliced(-)","9559",NA,NA,NA,NA,NA,57,NA,620,NA,NA,NA,4269,NA,6691,NA,NA,NA,515,1198,349,60,NA,45,NA,NA,NA,4876,518,NA,NA,NA,NA,NA,NA,NA,NA,NA,NA,NA,NA,NA,NA,NA,NA,NA,NA,3815,6381,NA,NA,260,74,236,NA,NA,NA,109,NA,NA,NA,NA,NA,NA,NA,NA,NA,NA,NA,NA,NA,NA,NA,NA,NA,NA,NA,NA,NA,1824,NA,4467,NA,NA,NA,NA,NA,NA,NA,45,NA,NA,NA,4289,NA,NA,NA,NA,NA,NA,NA,NA,NA,NA,NA,NA,NA,NA,NA,NA,NA,NA,NA,6381,NA,NA,145,74,NA,NA,NA,NA,NA,NA,NA,NA,NA,NA,NA,NA,NA,NA,NA,NA,NA,NA,NA,NA,NA,NA,NA,NA,NA,NA,NA,2200,NA,NA,NA,NA,NA,NA,NA,NA,NA,NA,NA,NA,NA,NA,NA,NA,NA,NA,NA,NA,NA,NA,NA,NA,NA,NA,NA,NA,NA
"activator_STEAP1B_chr7_22571664_22727613_ENST00000650428.1_spliced(-)","1256",NA,NA,NA,NA,NA,NA,269,NA,NA,NA,NA,NA,NA,886,NA,NA,NA,NA,NA,NA,NA,NA,NA,184,NA,NA,NA,NA,NA,NA,NA,NA,NA,NA,NA,NA,NA,NA,NA,NA,NA,NA,NA,NA,NA,NA,NA,NA,NA,NA,NA,NA,221,NA,NA,NA,NA,NA,257,NA,286,544,NA,NA,NA,NA,NA,NA,NA,NA,NA,NA,NA,NA,NA,NA,NA,NA,NA,NA,NA,NA,NA,NA,NA,NA,NA,NA,NA,NA,NA,NA,NA,NA,NA,NA,NA,NA,NA,NA,NA,NA,NA,NA,NA,NA,NA,NA,NA,NA,NA,NA,NA,NA,NA,NA,NA,NA,NA,NA,NA,NA,NA,NA,NA,NA,NA,NA,NA,NA,NA,NA,NA,NA,NA,NA,NA,NA,NA,NA,NA,NA,NA,NA,NA,NA,NA,NA,NA,NA,NA,NA,NA,NA,NA,NA,NA,NA,NA,NA,NA,NA,NA,NA,NA,NA,NA,NA,NA,NA,NA,NA,NA,NA
"activator_STEAP1B_chr7_22571664_22727613_ENST00000650428.1_unspliced(-)","155950",35783,97694,81511,95220,24687,739,2578,1458,266,425,774,1600,4350,7131,55,55,65,823,475,NA,483,248,482,20266,10379,25098,1919,1569,27641,61820,1889,2177,58836,9817,66721,61987,66354,77125,44953,3698,53469,60641,52475,4717,15893,8749,6498,4620,28308,884,170,81,2005,6365,2772,7064,767,27178,35331,51096,38766,48598,51482,453,3180,67713,72489,74225,90710,28573,68586,56472,71961,17449,NA,NA,NA,50,720,190,1697,29,29,65,NA,NA,NA,NA,188,1495,2056,1624,638,NA,4877,28758,NA,NA,39951,NA,41118,42882,46113,34609,6191,NA,22660,32438,7888,NA,NA,1428,619,16214,132,122,32,NA,5296,532,1913,104,6352,17110,16724,10295,17965,18503,NA,NA,43142,49745,42929,67282,5766,16717,14667,15879,NA,NA,NA,NA,NA,NA,638,NA,NA,7992,4366,7858,6993,1535,NA,NA,NA,NA,NA,NA,NA,NA,NA,NA,NA,NA,NA,NA,NA,NA,NA,NA,2277,9043,NA,NA
"activator_TRERNA1_chr20_50040707_50041504_ENST00000431460.2_spliced(-)","471",NA,NA,NA,NA,NA,NA,NA,NA,NA,NA,NA,NA,NA,NA,NA,NA,NA,NA,471,NA,NA,NA,NA,NA,NA,NA,NA,NA,NA,NA,NA,NA,NA,NA,NA,NA,NA,NA,NA,NA,NA,NA,NA,NA,NA,NA,NA,228,NA,NA,NA,NA,NA,NA,NA,NA,NA,NA,NA,NA,NA,NA,NA,NA,NA,NA,NA,NA,NA,NA,NA,NA,NA,NA,NA,NA,NA,NA,NA,NA,NA,NA,NA,NA,NA,471,NA,NA,NA,NA,NA,NA,NA,NA,NA,NA,NA,NA,NA,NA,NA,NA,NA,NA,NA,NA,NA,NA,NA,NA,NA,NA,NA,NA,NA,NA,NA,NA,NA,NA,NA,NA,NA,NA,NA,NA,NA,NA,NA,NA,NA,NA,NA,NA,NA,NA,NA,NA,NA,NA,NA,NA,471,NA,NA,NA,NA,NA,NA,NA,NA,NA,NA,NA,NA,NA,NA,NA,NA,NA,NA,NA,NA,NA,NA,NA,NA,NA,NA,NA,NA,NA,NA,NA
"activator_TRERNA1_chr20_50040707_50041504_ENST00000431460.2_unspliced(-)","798",NA,NA,NA,NA,NA,NA,NA,420,NA,NA,NA,326,NA,NA,NA,NA,NA,NA,692,NA,NA,NA,NA,NA,NA,NA,464,NA,NA,NA,NA,NA,NA,NA,NA,NA,NA,NA,NA,NA,NA,NA,NA,417,NA,227,502,555,NA,NA,NA,NA,NA,NA,NA,NA,NA,NA,NA,NA,NA,NA,NA,NA,NA,NA,NA,NA,NA,NA,NA,NA,NA,NA,NA,NA,NA,NA,326,NA,NA,NA,NA,NA,NA,474,NA,NA,NA,NA,NA,NA,464,NA,NA,NA,NA,NA,NA,NA,NA,NA,NA,NA,NA,NA,NA,NA,NA,NA,NA,NA,555,NA,NA,NA,NA,NA,NA,NA,NA,NA,NA,NA,NA,NA,NA,NA,NA,NA,NA,NA,NA,NA,NA,NA,NA,NA,NA,NA,NA,NA,474,NA,464,NA,NA,NA,NA,NA,NA,NA,NA,NA,NA,NA,NA,NA,NA,NA,NA,NA,NA,NA,NA,NA,NA,NA,NA,NA,NA,NA,NA,NA
"activator_UMLILO_chr4_73710302_73714527_ENST00000436089.1_spliced(+)","575",367,464,483,575,NA,NA,NA,NA,NA,NA,NA,NA,NA,NA,NA,NA,NA,NA,NA,NA,NA,NA,NA,NA,NA,NA,NA,NA,NA,394,NA,NA,NA,NA,319,NA,370,335,575,NA,NA,337,NA,NA,NA,NA,NA,NA,NA,NA,NA,NA,NA,NA,NA,NA,NA,326,319,NA,NA,NA,NA,NA,NA,NA,395,NA,NA,NA,NA,NA,575,NA,NA,NA,NA,NA,NA,NA,NA,NA,NA,NA,NA,NA,NA,NA,NA,NA,NA,NA,NA,NA,NA,NA,NA,NA,NA,NA,NA,NA,NA,NA,NA,NA,NA,NA,NA,NA,NA,NA,NA,NA,NA,NA,NA,NA,NA,NA,NA,NA,NA,NA,NA,NA,NA,NA,NA,NA,NA,NA,NA,NA,NA,NA,NA,NA,NA,NA,NA,NA,NA,NA,NA,NA,NA,NA,NA,NA,NA,NA,NA,NA,NA,NA,NA,NA,NA,NA,NA,NA,NA,NA,NA,NA,NA,NA,NA,NA,NA,NA,NA,NA
"activator_UMLILO_chr4_73710302_73714527_ENST00000436089.1_unspliced(+)","4226",990,4208,3167,3724,1272,NA,136,NA,NA,36,NA,NA,88,NA,NA,NA,NA,NA,NA,NA,NA,NA,77,223,512,838,NA,205,NA,2680,NA,NA,1072,NA,2586,1335,2277,2027,2089,NA,1333,1226,2042,NA,NA,NA,NA,NA,235,NA,NA,NA,NA,NA,NA,234,103,1469,285,596,530,512,1191,NA,259,1967,2688,3712,3674,990,4208,2163,2605,597,NA,NA,NA,NA,NA,NA,NA,NA,NA,NA,NA,NA,NA,NA,NA,NA,212,NA,NA,NA,NA,NA,NA,NA,1072,NA,451,476,494,NA,NA,NA,NA,287,NA,NA,NA,NA,NA,235,NA,NA,NA,NA,NA,NA,NA,NA,NA,285,NA,NA,NA,1191,NA,NA,747,1332,2093,3200,NA,NA,NA,2129,NA,NA,NA,NA,NA,NA,NA,NA,NA,NA,NA,NA,NA,NA,NA,NA,NA,NA,NA,NA,NA,NA,NA,NA,NA,NA,NA,NA,NA,NA,NA,NA,NA,NA,NA,NA
"repressor_1700028I16Rik_chr10_82647912_82660247_ENSMUST00000178540.9_spliced(+)","1272",NA,NA,460,205,404,NA,NA,187,NA,NA,NA,267,55,712,NA,NA,NA,302,NA,NA,NA,NA,NA,NA,NA,NA,287,NA,NA,NA,NA,NA,403,NA,NA,NA,NA,NA,NA,NA,NA,NA,NA,NA,NA,NA,NA,232,NA,NA,NA,NA,NA,169,NA,NA,NA,NA,NA,NA,NA,NA,NA,NA,NA,NA,475,NA,572,NA,NA,NA,NA,NA,NA,NA,NA,NA,NA,NA,712,NA,NA,NA,NA,NA,NA,NA,NA,NA,NA,NA,NA,NA,NA,NA,NA,NA,NA,NA,NA,NA,NA,NA,NA,NA,NA,NA,NA,NA,NA,NA,NA,NA,NA,NA,NA,NA,NA,NA,NA,NA,NA,NA,NA,NA,NA,NA,NA,NA,NA,NA,NA,NA,NA,NA,NA,NA,NA,NA,NA,NA,NA,NA,NA,NA,NA,NA,NA,NA,NA,NA,NA,NA,NA,NA,NA,NA,NA,NA,NA,NA,NA,NA,NA,NA,NA,NA,NA,NA,NA,NA,NA,NA
"repressor_1700028I16Rik_chr10_82647912_82660247_ENSMUST00000178540.9_unspliced(+)","12336",1814,1852,2380,2830,404,NA,315,636,NA,32,131,986,55,1773,NA,NA,NA,370,NA,NA,NA,NA,NA,276,755,345,549,NA,1276,1553,411,NA,3152,3429,4369,2070,1490,4534,2859,968,2231,3993,NA,NA,2784,345,3472,452,890,NA,51,NA,NA,630,NA,1101,251,2144,1282,2543,1010,3275,2585,NA,255,991,3208,281,2186,889,NA,NA,NA,NA,NA,NA,NA,NA,NA,NA,NA,NA,NA,NA,NA,NA,NA,NA,NA,NA,NA,NA,268,NA,NA,NA,NA,NA,1283,1352,630,397,NA,1713,NA,NA,NA,1410,NA,NA,NA,1432,NA,NA,NA,51,NA,NA,461,NA,286,NA,NA,NA,NA,NA,756,NA,NA,NA,NA,NA,NA,NA,NA,NA,NA,NA,NA,NA,NA,NA,NA,NA,NA,NA,NA,NA,NA,NA,NA,NA,NA,NA,NA,NA,NA,NA,NA,NA,NA,NA,NA,NA,NA,NA,NA,NA,NA,NA,NA,NA,NA,NA
"repressor_2610035D17Rik_chr11_112934701_113092731_ENSMUST00000243034.2_spliced(-)","1946",NA,NA,NA,250,NA,NA,NA,NA,NA,NA,202,476,NA,1134,NA,NA,NA,NA,NA,NA,90,NA,NA,NA,NA,NA,NA,NA,NA,NA,NA,NA,462,503,NA,NA,NA,NA,NA,291,NA,NA,NA,NA,NA,NA,NA,229,NA,NA,45,NA,NA,NA,NA,NA,139,282,378,484,400,409,NA,NA,NA,NA,NA,NA,NA,NA,NA,NA,NA,NA,NA,NA,NA,NA,476,NA,NA,NA,NA,NA,NA,NA,NA,NA,NA,NA,NA,NA,NA,NA,NA,NA,NA,NA,NA,NA,NA,NA,NA,NA,NA,NA,NA,NA,NA,NA,NA,NA,NA,NA,NA,NA,NA,NA,NA,NA,NA,NA,NA,NA,NA,NA,NA,NA,NA,NA,NA,NA,NA,NA,NA,NA,NA,NA,NA,NA,NA,NA,NA,NA,NA,NA,NA,NA,NA,NA,NA,NA,NA,NA,NA,NA,NA,NA,NA,NA,NA,NA,NA,NA,NA,NA,NA,NA,NA,NA,NA,NA,NA,NA
"repressor_2610035D17Rik_chr11_112934701_113092731_ENSMUST00000243034.2_unspliced(-)","158031",8613,13018,17414,18906,2030,1296,19070,4952,428,805,2415,9439,2187,46127,28,28,NA,2355,NA,617,1124,174,104,4806,3828,3722,6632,5127,13074,12042,9993,474,20802,21676,21295,20771,24561,38756,22472,14812,18305,31760,16664,1375,15403,10850,49402,30465,6958,233,952,567,3893,5390,4420,4284,2735,9781,12008,15293,15596,24407,7945,NA,897,11200,12401,13117,14296,2360,3143,5082,4278,549,NA,1672,419,123,553,NA,14842,28,28,NA,213,NA,NA,NA,NA,NA,529,NA,3400,749,NA,1956,NA,NA,5745,2307,4792,6141,7839,9743,2310,699,3704,8858,NA,NA,NA,5910,12047,2142,NA,554,303,NA,2805,920,NA,89,1091,1071,394,2233,3077,518,NA,NA,889,1852,1276,2085,NA,NA,NA,NA,NA,NA,NA,NA,NA,NA,NA,NA,NA,NA,NA,NA,NA,NA,NA,NA,NA,NA,102,NA,NA,NA,NA,NA,NA,NA,NA,NA,NA,NA,NA,NA,NA,NA,NA,NA
"repressor_Airn_chr17_12741398_12830151_ENSMUST00000159731.1_spliced(+)","435",NA,NA,NA,236,NA,NA,NA,NA,NA,NA,NA,NA,NA,NA,NA,NA,NA,NA,NA,NA,NA,NA,NA,NA,NA,NA,NA,NA,NA,NA,NA,NA,NA,NA,NA,NA,NA,NA,NA,NA,NA,NA,NA,NA,NA,NA,NA,NA,NA,NA,NA,NA,NA,NA,NA,NA,NA,NA,NA,NA,NA,NA,NA,NA,NA,NA,NA,NA,NA,NA,NA,NA,NA,NA,NA,NA,NA,NA,NA,NA,NA,NA,NA,NA,NA,NA,NA,NA,NA,NA,NA,NA,NA,NA,NA,NA,NA,NA,NA,NA,NA,NA,NA,NA,NA,NA,NA,NA,NA,NA,NA,NA,NA,NA,NA,NA,NA,NA,NA,NA,NA,NA,NA,NA,NA,NA,NA,NA,NA,NA,NA,NA,NA,NA,NA,NA,NA,NA,NA,NA,NA,NA,NA,NA,NA,NA,NA,NA,NA,NA,NA,NA,NA,NA,NA,NA,NA,NA,NA,NA,NA,NA,NA,NA,NA,NA,NA,NA,NA,NA,NA,NA,NA,NA
"repressor_Airn_chr17_12741398_12830151_ENSMUST00000159731.1_unspliced(+)","88754",7527,27745,17561,23917,4955,896,1653,1517,118,425,548,2602,1423,3993,59,59,NA,473,318,459,263,102,37,4208,1327,3055,1389,536,3049,6026,NA,213,7388,5545,12180,7827,13523,11020,10545,754,8735,11092,4560,289,1797,1244,954,4320,3431,NA,316,290,547,1585,NA,1168,794,2653,4764,9198,6870,11790,6253,441,5119,8076,14422,13198,14314,3479,9428,4881,9281,1956,NA,NA,NA,NA,1690,NA,NA,NA,NA,NA,NA,NA,NA,NA,NA,NA,NA,NA,873,NA,NA,1158,NA,NA,2059,534,1080,1796,4051,1533,NA,NA,1094,4666,NA,NA,NA,NA,NA,662,NA,200,246,NA,872,NA,NA,120,367,451,667,1265,1726,NA,NA,NA,2425,3931,602,4027,NA,NA,NA,NA,NA,NA,NA,NA,NA,NA,NA,NA,NA,NA,NA,NA,NA,NA,NA,NA,NA,NA,26,NA,NA,NA,NA,NA,NA,NA,NA,NA,NA,NA,NA,NA,NA,NA,NA,NA
"repressor_B230311B06Rik_chr7_118191263_118196071_ENSMUST00000340870.1_spliced(+)","785",NA,NA,NA,NA,NA,NA,NA,NA,NA,NA,NA,120,NA,327,NA,NA,NA,NA,NA,NA,NA,NA,NA,NA,NA,NA,NA,NA,NA,NA,NA,NA,NA,NA,NA,NA,NA,NA,NA,NA,NA,NA,NA,NA,NA,NA,NA,NA,NA,NA,NA,NA,NA,NA,NA,NA,NA,NA,NA,NA,NA,NA,NA,NA,NA,NA,NA,NA,NA,NA,NA,NA,NA,NA,NA,NA,NA,NA,NA,NA,NA,NA,NA,NA,NA,NA,NA,NA,NA,NA,NA,NA,NA,NA,NA,NA,NA,NA,NA,NA,NA,NA,NA,NA,NA,NA,NA,NA,NA,NA,NA,NA,NA,NA,NA,NA,NA,NA,NA,NA,NA,NA,NA,NA,NA,NA,NA,NA,NA,NA,NA,NA,NA,NA,NA,NA,NA,NA,NA,NA,NA,NA,NA,NA,NA,NA,NA,NA,NA,NA,NA,NA,NA,NA,NA,NA,NA,NA,NA,NA,NA,NA,NA,NA,NA,NA,NA,NA,NA,NA,NA,NA,NA,NA
"repressor_B230311B06Rik_chr7_118191263_118196071_ENSMUST00000340870.1_unspliced(+)","4809",279,NA,276,NA,NA,67,NA,719,NA,NA,NA,1140,34,1239,NA,NA,NA,NA,NA,NA,NA,NA,NA,NA,NA,NA,264,NA,NA,NA,NA,NA,307,657,NA,254,356,1107,NA,377,NA,586,NA,NA,NA,NA,1040,809,NA,NA,NA,NA,236,174,NA,95,47,376,NA,NA,NA,1076,NA,NA,NA,NA,NA,NA,NA,NA,NA,NA,NA,NA,NA,NA,NA,NA,928,NA,NA,NA,NA,NA,NA,NA,NA,NA,NA,NA,NA,NA,NA,NA,NA,NA,NA,NA,NA,NA,NA,NA,NA,NA,NA,NA,NA,NA,NA,NA,NA,NA,NA,NA,NA,NA,NA,NA,NA,NA,NA,NA,NA,NA,NA,NA,NA,NA,NA,NA,NA,NA,NA,NA,NA,NA,NA,NA,NA,NA,NA,NA,NA,NA,NA,NA,NA,NA,NA,NA,NA,NA,NA,NA,NA,NA,NA,NA,NA,NA,NA,NA,NA,NA,NA,NA,NA,NA,NA,NA,NA,NA,NA,NA
"repressor_BDNF-AS_chr11_27506852_27698171_ENST00000499568.3_spliced(+)","2036",238,849,1091,613,NA,NA,NA,NA,NA,NA,NA,NA,NA,NA,NA,NA,NA,90,NA,NA,NA,NA,NA,355,NA,600,NA,NA,NA,632,NA,NA,739,NA,350,631,678,350,377,NA,426,339,NA,NA,NA,NA,NA,NA,NA,NA,NA,NA,NA,NA,NA,NA,NA,563,NA,521,NA,NA,269,337,NA,602,631,602,613,238,849,1091,613,NA,NA,NA,NA,NA,NA,NA,NA,NA,NA,NA,NA,NA,NA,NA,NA,NA,NA,NA,NA,NA,NA,632,NA,NA,739,NA,350,631,678,NA,NA,NA,426,339,NA,NA,NA,NA,NA,NA,NA,NA,NA,NA,NA,NA,NA,NA,NA,NA,NA,NA,NA,NA,NA,NA,602,631,602,613,NA,NA,NA,NA,NA,NA,NA,NA,NA,NA,NA,NA,NA,NA,NA,NA,NA,NA,NA,NA,NA,NA,NA,NA,NA,NA,NA,NA,NA,NA,NA,NA,NA,NA,NA,NA,NA,NA,NA,NA
"repressor_BDNF-AS_chr11_27506852_27698171_ENST00000499568.3_unspliced(+)","191320",63541,141129,128605,142170,40676,1121,1734,847,369,424,1016,2362,5876,3855,99,99,361,718,NA,146,174,172,782,24678,14168,33474,1150,1698,29228,94857,3350,621,93917,10712,104577,93539,106223,105671,70489,2859,85071,90150,65849,2082,23574,7268,4911,2124,42606,2001,75,98,1374,9137,5089,11071,1614,45900,53992,91418,59852,72665,84220,644,4634,97898,108381,113791,130161,49542,112805,105388,120821,25800,68,NA,NA,40,NA,223,369,NA,NA,361,NA,NA,NA,NA,638,1512,2502,1176,428,NA,5102,51377,504,NA,63641,2400,73986,66131,78181,52112,16681,NA,44727,51266,5994,NA,NA,NA,NA,28075,NA,75,67,NA,7452,360,1956,59,13932,26751,36053,25071,23005,33984,NA,NA,63269,87878,71249,94581,8749,36423,26006,45433,NA,NA,NA,NA,NA,NA,NA,1307,NA,14945,9669,14885,15847,13779,NA,12398,NA,NA,37,NA,NA,NA,NA,NA,NA,NA,NA,NA,NA,NA,NA,NA,3776,8665,2130,5447
"repressor_C920006O11Rik_chr9_78083160_78086164_ENSMUST00000244552.2_spliced(+)","2569",1313,363,1791,370,NA,NA,NA,NA,NA,68,NA,413,55,275,NA,NA,NA,NA,NA,205,NA,NA,NA,NA,NA,NA,NA,NA,494,668,294,NA,1207,502,1403,562,733,1852,314,275,525,1328,NA,NA,NA,224,NA,NA,768,119,NA,27,NA,187,NA,NA,42,806,779,1829,823,2569,NA,NA,NA,713,442,997,361,NA,NA,NA,NA,NA,NA,NA,NA,NA,NA,NA,NA,NA,NA,NA,NA,NA,NA,NA,NA,NA,NA,NA,NA,NA,NA,NA,NA,NA,1207,NA,NA,562,360,1295,NA,NA,NA,1121,NA,NA,NA,NA,NA,NA,NA,NA,NA,NA,187,NA,NA,NA,NA,NA,1829,NA,NA,NA,NA,NA,NA,NA,NA,NA,NA,NA,NA,NA,NA,NA,NA,NA,NA,NA,NA,NA,NA,NA,NA,NA,NA,NA,NA,NA,NA,NA,NA,NA,NA,NA,NA,NA,NA,NA,NA,NA,NA,NA,NA,NA,NA,NA,NA,NA
"repressor_C920006O11Rik_chr9_78083160_78086164_ENSMUST00000244552.2_unspliced(+)","3005",1313,363,2230,370,NA,NA,NA,NA,NA,68,NA,435,55,257,NA,NA,NA,NA,NA,205,NA,NA,NA,153,NA,NA,NA,NA,494,668,294,NA,1456,502,1403,796,733,2288,314,275,1000,1328,NA,NA,NA,224,NA,NA,768,119,NA,27,NA,187,237,NA,42,806,779,1829,823,3005,NA,NA,NA,1096,217,997,361,NA,NA,NA,NA,NA,NA,NA,NA,NA,NA,NA,NA,NA,NA,NA,NA,NA,NA,NA,NA,NA,NA,NA,NA,NA,NA,NA,NA,NA,1207,NA,NA,562,360,1731,NA,NA,NA,1121,NA,NA,NA,NA,NA,NA,NA,NA,NA,NA,187,NA,NA,NA,NA,NA,1829,NA,NA,NA,NA,NA,NA,NA,NA,NA,NA,NA,NA,NA,NA,NA,NA,NA,NA,NA,NA,NA,NA,NA,NA,NA,NA,NA,NA,NA,NA,NA,NA,NA,NA,NA,NA,NA,NA,NA,NA,NA,NA,NA,NA,NA,NA,NA,NA,NA
"repressor_CDKN2B-AS1_chr9_21994778_22039498_ENST00000652420.1_spliced(+)","7173",3703,5574,6237,6420,2316,NA,NA,NA,NA,NA,NA,202,555,340,NA,NA,NA,NA,NA,NA,NA,NA,NA,1322,909,872,NA,NA,3305,5327,NA,NA,4318,1052,5290,5134,4555,6074,5206,246,3246,5105,2157,NA,481,249,NA,NA,2784,131,29,NA,NA,NA,NA,585,NA,2943,2782,4368,3011,5225,4747,NA,NA,4667,5618,4769,5931,3703,5574,5826,6068,1708,NA,NA,NA,NA,NA,NA,NA,NA,NA,NA,NA,NA,NA,NA,NA,NA,NA,NA,NA,NA,625,5327,NA,NA,3863,589,4504,4336,2911,5650,2534,NA,1403,3141,1378,NA,NA,NA,NA,1974,NA,NA,NA,NA,NA,NA,NA,NA,677,2171,1511,665,1882,2418,NA,NA,4237,5107,4237,4936,NA,5574,3553,3288,NA,NA,NA,NA,NA,NA,NA,NA,NA,NA,NA,NA,NA,NA,NA,NA,NA,NA,NA,NA,NA,NA,NA,NA,NA,NA,NA,NA,NA,NA,NA,NA,NA,3529,NA,4936
"repressor_CDKN2B-AS1_chr9_21994778_22039498_ENST00000652420.1_unspliced(+)","44721",20515,25367,32728,34032,13305,133,1204,236,360,291,NA,2849,1701,4555,55,55,NA,464,445,403,NA,168,57,7985,5631,9002,2525,393,13490,27510,1128,413,28537,3079,29556,28126,27144,30413,22190,1849,22639,26194,17071,266,7606,3962,2373,1357,14472,131,131,61,NA,2130,1382,3255,551,15372,18117,24651,18076,20408,23562,NA,384,28578,22663,30561,32454,18142,20035,30975,31453,10061,NA,NA,NA,61,2446,161,2846,NA,29,NA,NA,NA,NA,NA,57,1219,614,1225,1002,NA,1248,20535,NA,NA,26079,589,26233,24098,23250,16935,6070,NA,13264,18450,2456,NA,NA,NA,606,12246,NA,67,NA,NA,1557,NA,574,NA,4536,11160,12037,7984,9526,12502,NA,NA,21904,18127,23959,28682,1841,11631,11027,19583,NA,NA,NA,NA,NA,NA,537,NA,3473,9531,5714,8632,2553,5081,NA,5638,NA,NA,NA,NA,NA,NA,NA,NA,NA,NA,NA,NA,NA,NA,NA,NA,8253,9716,5925,14159
"repressor_CHASERR_chr15_92882707_92899701_ENST00000557682.6_spliced(+)","2683",1568,1976,2215,2231,1301,108,NA,NA,NA,NA,132,480,151,378,NA,NA,NA,NA,NA,158,55,NA,NA,1556,1530,1057,323,NA,1627,1690,NA,NA,2005,NA,1815,1850,2202,2178,2183,NA,1759,1882,1948,NA,NA,NA,NA,486,212,NA,NA,NA,NA,195,351,755,NA,1606,635,308,1427,1014,1992,NA,NA,2201,2031,1501,2199,1568,1976,2215,2231,1301,NA,NA,NA,NA,480,NA,NA,NA,NA,NA,NA,NA,NA,NA,NA,1124,1070,NA,323,NA,1627,1690,NA,NA,1782,NA,1815,1645,2202,NA,NA,NA,1278,1882,NA,NA,NA,NA,NA,NA,NA,NA,NA,NA,NA,NA,NA,NA,NA,NA,NA,NA,NA,1790,NA,NA,2201,1678,1501,2199,NA,NA,NA,NA,NA,NA,NA,NA,NA,NA,NA,NA,NA,1782,NA,1152,NA,NA,NA,NA,NA,NA,NA,NA,NA,NA,NA,NA,NA,NA,NA,NA,NA,NA,NA,NA,NA,NA,NA,NA
"repressor_CHASERR_chr15_92882707_92899701_ENST00000557682.6_unspliced(+)","16995",9264,14568,14436,13700,9456,108,NA,242,NA,71,132,1184,498,579,NA,NA,NA,NA,NA,158,93,NA,243,8846,7144,8336,712,NA,8879,13301,NA,NA,13851,NA,13099,13564,13292,14091,12251,NA,11282,12218,11880,366,589,335,NA,923,2208,108,NA,NA,NA,782,351,2377,NA,9320,4142,8446,8454,6505,12039,NA,NA,13163,13345,13031,13710,8969,14350,13862,13700,8853,NA,NA,NA,NA,818,NA,NA,NA,NA,NA,NA,NA,NA,NA,99,4003,3265,759,712,NA,5118,12639,NA,NA,13197,NA,12417,12957,11459,4680,NA,NA,7133,9090,2189,NA,NA,NA,NA,1135,NA,NA,NA,NA,204,NA,NA,NA,2592,NA,2386,396,NA,9360,NA,NA,12888,12864,12707,13710,NA,10339,12298,10753,NA,NA,NA,NA,NA,NA,712,NA,4294,9444,NA,5349,NA,NA,NA,NA,NA,NA,NA,NA,NA,NA,NA,NA,NA,NA,NA,NA,NA,NA,NA,NA,9713,7031,3756,10332
"repressor_Gm16701_chr1_166793634_166829522_ENSMUST00000285190.1_spliced(-)","1358",289,1164,580,922,806,NA,NA,NA,NA,NA,NA,NA,125,NA,NA,NA,NA,NA,NA,NA,NA,NA,NA,NA,NA,209,NA,NA,NA,NA,NA,NA,715,NA,596,745,736,700,272,NA,500,254,NA,NA,NA,NA,NA,NA,NA,NA,NA,NA,NA,NA,NA,NA,NA,187,NA,881,NA,NA,459,NA,452,256,519,967,1358,NA,1164,283,922,806,NA,NA,NA,NA,NA,NA,NA,NA,NA,NA,NA,NA,NA,NA,NA,NA,NA,NA,NA,NA,NA,NA,NA,NA,217,NA,NA,514,736,NA,NA,NA,NA,NA,NA,NA,NA,NA,NA,NA,NA,NA,NA,NA,NA,NA,NA,NA,187,NA,NA,NA,NA,NA,NA,NA,256,519,NA,1358,NA,NA,NA,NA,NA,NA,NA,NA,NA,NA,NA,NA,NA,NA,NA,NA,NA,NA,NA,NA,NA,NA,NA,NA,NA,NA,NA,NA,NA,NA,NA,NA,NA,NA,NA,NA,NA,NA,NA,NA
"repressor_Gm16701_chr1_166793634_166829522_ENSMUST00000285190.1_unspliced(-)","35889",9919,15375,17468,15840,3218,258,NA,324,212,241,NA,1763,463,2038,NA,NA,NA,953,NA,360,89,NA,NA,2693,3671,5694,1592,815,5962,10866,1882,536,13653,5925,14037,15156,16845,18188,8840,1674,11926,13381,13806,NA,4291,2944,1827,2172,7395,276,148,67,NA,2975,515,2292,318,3946,8099,11377,9720,14854,7579,NA,2221,8792,12562,13861,16434,6584,4534,6763,4025,1891,NA,NA,NA,NA,1227,NA,NA,NA,NA,NA,NA,NA,NA,NA,NA,NA,522,NA,1340,NA,799,5669,NA,NA,8898,1066,8746,9437,10507,8840,NA,NA,5374,8137,3249,NA,NA,NA,NA,3407,NA,88,NA,NA,2461,NA,NA,NA,187,4070,2498,4244,3247,NA,NA,NA,1419,4290,1590,3750,NA,NA,NA,NA,NA,NA,NA,NA,NA,NA,1097,NA,NA,NA,NA,5399,NA,3473,NA,NA,NA,NA,49,NA,NA,NA,NA,NA,NA,NA,NA,NA,NA,NA,NA,NA,NA,NA,NA,NA
"repressor_GNAS-AS1_chr20_58818918_58850902_ENST00000718285.1_spliced(-)","1010",NA,NA,NA,NA,NA,NA,NA,317,NA,NA,NA,608,NA,771,NA,NA,NA,NA,293,89,NA,NA,NA,214,NA,NA,226,NA,NA,241,NA,NA,NA,NA,NA,NA,NA,NA,NA,NA,NA,NA,NA,NA,NA,NA,NA,NA,NA,153,NA,NA,NA,NA,NA,104,218,NA,NA,NA,NA,NA,NA,NA,NA,NA,NA,NA,NA,NA,NA,NA,NA,NA,NA,NA,NA,NA,229,NA,771,NA,NA,NA,NA,NA,NA,NA,NA,NA,NA,NA,226,NA,NA,NA,NA,NA,NA,NA,NA,NA,NA,NA,NA,NA,NA,NA,NA,NA,NA,NA,NA,NA,NA,NA,NA,NA,NA,NA,NA,NA,NA,NA,NA,NA,NA,NA,NA,NA,NA,NA,NA,NA,NA,NA,NA,NA,NA,NA,NA,NA,NA,NA,NA,NA,NA,NA,NA,NA,NA,NA,NA,NA,NA,NA,NA,NA,NA,NA,NA,NA,NA,NA,NA,NA,NA,NA,NA,NA,NA,NA,NA,NA
"repressor_GNAS-AS1_chr20_58818918_58850902_ENST00000718285.1_unspliced(-)","31985",2225,5354,5827,7095,1170,339,961,2299,NA,36,NA,4353,432,6908,NA,NA,NA,240,245,410,299,425,40,2378,3920,3411,3420,989,5074,5706,897,NA,4631,2189,4841,4015,3746,4510,5174,914,3184,4793,13509,1049,5198,624,8144,4804,932,308,NA,36,211,705,1261,879,244,2311,1917,3093,2208,4121,1967,NA,236,3565,4181,4748,6426,550,NA,883,1479,391,NA,NA,196,NA,2311,NA,4900,NA,NA,NA,NA,NA,NA,NA,NA,NA,NA,NA,2283,NA,1123,621,NA,NA,1628,573,2424,1381,905,746,820,NA,720,1218,NA,NA,NA,701,2049,NA,NA,NA,36,NA,497,NA,NA,NA,625,NA,NA,NA,NA,1125,NA,NA,653,1125,952,2005,NA,NA,NA,NA,NA,NA,NA,NA,NA,NA,367,NA,NA,NA,NA,NA,NA,NA,NA,NA,NA,NA,NA,NA,NA,NA,NA,NA,NA,NA,NA,NA,NA,NA,NA,NA,NA,NA,NA,NA
"repressor_KCNQ1OT1_chr11_2608328_2699994_ENST00000597346.1_spliced(-)","91667",3594,41856,33166,41519,14646,284,11351,3185,NA,177,141,4863,4561,17848,NA,NA,66,246,879,NA,431,852,44,5807,2196,5334,2115,1157,4256,21565,306,NA,15611,1496,15635,13272,20055,7891,11331,2275,6432,5564,7355,2712,4889,1785,18542,17462,1931,272,85,191,517,612,608,827,696,3246,3255,7143,3118,2814,19622,309,1370,34579,40944,38039,44524,850,32532,9562,34552,10009,NA,398,1688,NA,930,162,10262,NA,NA,66,NA,NA,NA,NA,NA,NA,NA,NA,1236,NA,NA,3552,NA,NA,1885,NA,2316,2321,3006,472,2352,NA,634,843,2347,NA,NA,NA,12468,464,NA,56,191,NA,447,NA,NA,NA,NA,NA,842,502,NA,1983,NA,NA,25475,31564,22053,32515,NA,4008,NA,6099,NA,NA,NA,NA,NA,NA,NA,NA,NA,NA,NA,NA,NA,NA,NA,NA,NA,NA,NA,NA,NA,NA,NA,NA,NA,NA,NA,NA,NA,NA,NA,NA,1751,2323,NA,NA
"repressor_KCNQ1OT1_chr11_2608328_2699994_ENST00000597346.1_unspliced(-)","91667",3594,41856,33166,41519,14646,284,11351,3185,NA,177,141,4863,4561,17848,NA,NA,66,246,879,NA,431,852,44,5807,2196,5334,2115,1157,4256,21565,306,NA,15611,1496,15635,13272,20055,7891,11331,2275,6432,5564,7355,2712,4889,1785,18542,17462,1931,272,85,191,517,612,608,827,696,3246,3255,7143,3118,2814,19622,309,1370,34579,40944,38039,44524,850,32532,9562,34552,10009,NA,398,1688,NA,930,162,10262,NA,NA,66,NA,NA,NA,NA,NA,NA,NA,NA,1236,NA,NA,3552,NA,NA,1885,NA,2316,2321,3006,472,2352,NA,634,843,2347,NA,NA,NA,12468,464,NA,56,191,NA,447,NA,NA,NA,NA,NA,842,502,NA,1983,NA,NA,25475,31564,22053,32515,NA,4008,NA,6099,NA,NA,NA,NA,NA,NA,NA,NA,NA,NA,NA,NA,NA,NA,NA,NA,NA,NA,NA,NA,NA,NA,NA,NA,NA,NA,NA,NA,NA,NA,NA,NA,1751,2323,NA,NA
"repressor_MEG3_chr14_100826118_100861026_ENST00000649261.2_spliced(+)","1979",NA,NA,NA,NA,NA,NA,NA,185,NA,NA,NA,855,42,791,NA,NA,NA,285,NA,NA,54,NA,NA,NA,NA,NA,318,NA,NA,NA,NA,NA,NA,NA,NA,NA,NA,NA,NA,NA,NA,NA,NA,NA,NA,NA,NA,618,231,NA,NA,NA,NA,NA,NA,NA,NA,NA,232,293,231,217,NA,169,NA,NA,NA,NA,NA,NA,NA,NA,NA,NA,NA,NA,NA,NA,NA,NA,NA,NA,NA,NA,285,NA,NA,NA,NA,NA,NA,NA,318,NA,NA,NA,NA,NA,NA,NA,NA,NA,NA,NA,NA,NA,NA,NA,NA,NA,NA,NA,618,NA,NA,NA,NA,NA,NA,NA,NA,NA,NA,NA,NA,NA,NA,NA,NA,NA,NA,NA,NA,NA,NA,NA,NA,NA,NA,NA,NA,285,NA,NA,NA,NA,NA,NA,NA,NA,NA,NA,NA,NA,NA,NA,NA,NA,NA,NA,NA,NA,NA,NA,NA,NA,NA,NA,NA,NA,NA,NA,NA,NA
"repressor_MEG3_chr14_100826118_100861026_ENST00000649261.2_unspliced(+)","34909",745,1894,3793,2587,651,159,3444,3460,NA,107,175,6731,366,15423,30,30,NA,884,355,237,342,451,NA,816,1680,791,6242,2032,4411,2999,831,232,1768,3724,1932,1518,1104,2685,1196,3119,1036,2884,4716,2126,5023,1109,14001,11511,1290,389,159,141,652,1151,1020,NA,465,1530,1546,1787,1374,4156,930,169,407,3680,4257,3658,4055,467,NA,343,987,NA,55,NA,NA,NA,1555,NA,8163,NA,NA,NA,275,NA,NA,NA,NA,NA,244,NA,4984,NA,NA,342,NA,NA,284,NA,786,304,306,NA,NA,NA,NA,1001,NA,NA,NA,6851,6073,788,NA,159,91,NA,572,327,NA,40,984,NA,222,302,NA,NA,NA,NA,1953,1768,1885,809,NA,NA,NA,NA,NA,NA,NA,275,NA,NA,2069,NA,NA,NA,NA,NA,NA,NA,NA,NA,NA,NA,29,NA,NA,NA,NA,NA,NA,NA,NA,NA,NA,NA,NA,NA,NA,NA,NA,NA
"repressor_MORRBID_chr2_111207776_111495054_ENST00000673728.1_spliced(-)","1570",273,1143,NA,515,NA,NA,NA,NA,NA,NA,NA,NA,434,NA,NA,NA,NA,NA,NA,NA,NA,NA,NA,360,NA,NA,NA,NA,NA,NA,NA,NA,254,NA,304,NA,NA,NA,NA,NA,NA,NA,NA,NA,NA,NA,NA,NA,NA,NA,NA,NA,NA,NA,NA,79,NA,NA,NA,296,400,NA,NA,NA,533,NA,NA,NA,NA,NA,NA,NA,NA,NA,NA,NA,NA,NA,NA,NA,NA,NA,NA,NA,NA,NA,NA,NA,NA,NA,NA,NA,NA,NA,NA,NA,NA,NA,NA,NA,NA,NA,NA,NA,NA,NA,NA,NA,NA,NA,NA,NA,NA,NA,NA,NA,NA,NA,NA,NA,NA,NA,NA,NA,NA,NA,NA,NA,NA,NA,NA,NA,NA,NA,NA,NA,NA,NA,NA,NA,NA,NA,NA,NA,NA,NA,NA,NA,NA,NA,NA,NA,NA,NA,NA,NA,NA,NA,NA,NA,NA,NA,NA,NA,NA,NA,NA,NA,NA,NA,NA,NA,NA,NA
"repressor_MORRBID_chr2_111207776_111495054_ENST00000673728.1_unspliced(-)","287279",44398,102992,98064,112213,37169,1254,26361,5526,729,634,2036,6965,5071,31144,54,54,140,2144,1955,359,794,720,772,26192,13235,27413,4947,2692,29580,73140,6481,763,68059,13117,84275,65793,80900,75224,49014,6286,60233,67875,50531,7011,21956,11430,35855,30893,27675,1127,594,289,2804,9154,3264,10456,2916,33604,44454,53790,44706,60865,53013,334,3885,71215,80300,89361,105180,27729,67544,62034,75834,28096,NA,1419,736,73,NA,NA,6548,28,28,140,NA,NA,NA,NA,383,893,298,910,1714,NA,1137,29845,NA,NA,37892,648,42755,37384,35915,33095,11394,NA,23224,34002,NA,1280,NA,1050,8981,16289,NA,526,245,NA,7050,NA,1907,219,9008,16764,17444,15857,16763,19428,NA,NA,40448,53222,49022,59169,11961,15957,16884,30785,NA,NA,NA,NA,NA,NA,NA,NA,NA,11972,7636,12316,10438,6666,NA,4536,NA,NA,60,NA,NA,NA,NA,NA,NA,NA,NA,NA,NA,NA,NA,NA,3231,5746,4073,6249
"repressor_PVT1_chr8_127794524_128101256_ENST00000667305.2_spliced(+)","1703",NA,NA,NA,NA,NA,NA,NA,NA,NA,NA,NA,177,NA,NA,NA,NA,NA,NA,NA,55,NA,NA,NA,NA,NA,NA,NA,NA,NA,NA,NA,NA,NA,507,NA,NA,NA,NA,NA,NA,NA,NA,NA,NA,NA,466,NA,341,NA,NA,NA,NA,NA,NA,NA,NA,28,NA,NA,NA,NA,NA,NA,NA,NA,NA,NA,NA,NA,NA,NA,NA,NA,NA,NA,NA,NA,NA,NA,NA,NA,NA,NA,NA,NA,NA,NA,NA,NA,NA,NA,NA,NA,NA,NA,NA,NA,NA,NA,NA,NA,NA,NA,NA,NA,NA,NA,NA,NA,NA,NA,NA,NA,NA,NA,NA,NA,NA,NA,NA,NA,NA,NA,NA,NA,NA,NA,NA,NA,NA,NA,NA,NA,NA,NA,NA,NA,NA,NA,NA,NA,NA,NA,NA,NA,NA,NA,NA,NA,NA,NA,NA,NA,NA,NA,NA,NA,NA,NA,NA,NA,NA,NA,NA,NA,NA,NA,NA,NA,NA,NA,NA,NA,NA
"repressor_SCN1A-AS1_chr2_165957401_166352930_ENST00000651574.1_spliced(+)","2258",NA,655,NA,598,256,156,NA,NA,NA,NA,NA,NA,185,258,NA,NA,NA,NA,NA,NA,NA,NA,NA,677,222,419,NA,NA,NA,602,NA,NA,NA,NA,1101,202,NA,NA,NA,NA,NA,263,NA,NA,NA,NA,NA,NA,NA,NA,NA,45,NA,NA,NA,NA,NA,NA,283,NA,NA,NA,489,NA,NA,490,649,225,648,NA,NA,NA,NA,NA,NA,NA,NA,NA,NA,NA,NA,NA,NA,NA,NA,NA,NA,NA,NA,NA,NA,NA,NA,NA,NA,NA,NA,NA,NA,NA,NA,NA,NA,NA,NA,NA,NA,NA,NA,NA,NA,NA,NA,NA,NA,NA,NA,NA,NA,NA,NA,NA,NA,NA,NA,NA,NA,NA,NA,NA,NA,NA,NA,648,NA,NA,NA,NA,NA,NA,NA,NA,NA,NA,NA,NA,NA,NA,NA,NA,NA,NA,NA,NA,NA,NA,NA,NA,NA,NA,NA,NA,NA,NA,NA,NA,NA,NA,NA,NA,NA,NA,NA,NA
"repressor_SCN1A-AS1_chr2_165957401_166352930_ENST00000651574.1_unspliced(+)","395530",187202,316511,297194,308408,166030,1639,981,291,176,1497,285,1588,15831,3931,199,199,336,810,1138,136,83,342,993,84729,31467,64364,484,252,47719,257246,652,2138,256489,10029,277617,244363,261462,244619,178494,4508,204739,221874,92785,4754,22548,6999,1770,1669,118440,1809,238,157,1446,11471,1766,27849,2031,120966,146830,204564,140899,172892,233765,821,5983,284319,290532,308185,301137,158684,295808,277007,292019,142350,154,NA,NA,94,NA,420,NA,55,81,336,NA,NA,NA,NA,474,1435,2687,4553,NA,NA,2132,178531,NA,201,212559,NA,228918,205163,213998,103249,27392,NA,118218,121173,NA,NA,NA,NA,NA,84117,103,188,112,240,7077,NA,4397,166,23700,61947,102022,49245,43420,156209,NA,NA,249991,260031,266965,273660,29364,198079,155446,221089,1137,NA,NA,NA,NA,NA,NA,NA,NA,35373,31608,46442,27737,11498,NA,8001,NA,NA,NA,NA,NA,NA,NA,NA,NA,NA,NA,NA,NA,NA,NA,NA,98595,103430,55635,105211
"repressor_SNHG14_chr15_25193313_25420336_ENST00000656420.1_spliced(+)","7005",NA,2364,1435,1869,1224,NA,NA,1933,NA,NA,NA,NA,100,4546,NA,NA,NA,NA,NA,111,NA,NA,NA,287,NA,1001,4468,284,581,1526,NA,NA,502,1771,825,375,808,NA,NA,253,203,NA,NA,NA,NA,712,3630,1232,296,NA,NA,28,NA,NA,NA,NA,NA,NA,634,637,299,NA,906,NA,NA,1330,1403,1431,1429,NA,2364,1435,1541,864,NA,NA,NA,NA,NA,NA,NA,NA,NA,NA,NA,NA,NA,NA,NA,NA,NA,NA,4468,NA,NA,NA,NA,NA,NA,NA,NA,NA,NA,NA,NA,NA,NA,NA,NA,NA,NA,NA,NA,NA,NA,NA,28,NA,NA,NA,NA,NA,NA,NA,NA,NA,NA,906,NA,NA,1330,1403,1431,1429,NA,NA,NA,NA,NA,NA,NA,NA,NA,NA,NA,NA,NA,NA,NA,NA,NA,NA,NA,NA,NA,NA,NA,NA,NA,NA,NA,NA,NA,NA,NA,NA,NA,NA,NA,NA,NA,NA,NA,NA
"repressor_SNHG14_chr15_25193313_25420336_ENST00000656420.1_unspliced(+)","227024",62397,141177,126139,142075,53429,695,6239,9811,367,614,NA,16699,6788,50034,95,127,73,524,1535,428,626,3837,545,24661,12091,30277,29611,6429,19281,91184,3639,574,90290,18039,97067,86055,96098,86150,58257,6976,68944,77976,19339,5309,16028,24438,50891,44396,47250,1279,104,143,2648,10637,1573,9536,839,38139,52570,69223,50621,61963,82144,540,1521,109538,121263,127967,131427,57133,129258,103021,132356,41364,NA,NA,304,77,591,530,14564,NA,NA,73,NA,NA,NA,NA,288,288,1231,723,25077,NA,1388,63802,NA,NA,66608,NA,65234,66183,66703,48104,18187,NA,41868,51654,NA,NA,NA,30939,40158,33291,150,NA,115,NA,8695,NA,1584,NA,15366,28352,37257,27782,27475,40769,NA,NA,86143,102131,101179,115954,21724,66232,53924,74071,NA,NA,NA,NA,NA,NA,888,NA,NA,21297,19030,26438,19558,16489,NA,12672,NA,NA,NA,NA,NA,NA,NA,NA,NA,NA,NA,NA,NA,NA,NA,NA,10388,19498,3381,12507
"repressor_Tsix_chrX_103431517_103484957_ENSMUST00000152916.1_spliced(+)","4306",211,1145,1429,1682,NA,NA,NA,NA,117,NA,NA,574,NA,598,NA,NA,NA,NA,NA,NA,NA,NA,NA,NA,NA,NA,NA,NA,1168,1212,NA,NA,239,NA,1130,844,1104,NA,430,NA,823,720,NA,NA,NA,NA,NA,NA,NA,NA,NA,NA,NA,NA,255,NA,NA,NA,NA,812,NA,NA,582,NA,NA,1132,1349,837,2801,NA,1145,1429,1474,NA,NA,NA,NA,NA,NA,NA,NA,NA,NA,NA,NA,NA,NA,NA,NA,NA,NA,NA,NA,NA,NA,1212,NA,NA,NA,NA,NA,NA,NA,NA,NA,NA,NA,NA,NA,NA,NA,NA,NA,NA,NA,NA,NA,NA,NA,NA,NA,NA,NA,NA,NA,NA,NA,NA,NA,NA,NA,1094,NA,NA,NA,NA,NA,NA,NA,NA,NA,NA,NA,NA,NA,NA,NA,NA,NA,NA,NA,NA,NA,NA,NA,NA,NA,NA,NA,NA,NA,NA,NA,NA,NA,NA,NA,NA,NA,NA,NA,NA,NA,NA
"repressor_Tsix_chrX_103431517_103484957_ENSMUST00000152916.1_unspliced(+)","53441",9558,29044,29639,32161,5475,76,609,313,235,119,NA,1578,714,2828,NA,NA,NA,522,NA,NA,191,105,29,4872,5996,5109,674,1689,8787,21521,546,2774,17540,5862,22744,17772,19441,15375,13426,NA,15678,18901,9370,240,6036,1900,2561,341,9022,209,199,30,NA,1579,3522,1526,338,12512,7584,20883,9754,13925,16216,NA,NA,18798,22582,21632,28939,5934,16457,18047,21238,3302,NA,NA,NA,NA,NA,NA,374,NA,NA,NA,NA,NA,NA,NA,NA,291,1173,NA,202,NA,2759,8152,NA,NA,9217,NA,8050,7668,8832,4857,1880,NA,3038,8093,NA,NA,NA,NA,341,3752,NA,60,NA,NA,1052,348,201,NA,408,1256,5158,496,4385,2924,NA,NA,10947,15285,6614,10346,NA,NA,NA,NA,NA,NA,NA,NA,NA,NA,NA,NA,NA,NA,1439,NA,NA,NA,NA,NA,NA,NA,60,NA,NA,NA,NA,NA,NA,NA,NA,NA,NA,NA,NA,NA,NA,NA,NA,NA
"repressor_XIST_chrX_73820656_73852723_ENST00000429829.6_spliced(-)","19245",7763,12837,12224,12826,2626,63,NA,NA,NA,376,NA,NA,864,981,NA,NA,NA,212,NA,62,NA,NA,NA,1532,2090,2655,NA,219,3867,11185,1140,NA,10510,2220,11055,11110,10568,11813,10692,561,8748,11422,5225,NA,3674,NA,205,NA,10671,513,140,278,4327,1155,1139,1392,586,7277,10217,3340,9906,10170,10535,804,1406,8753,9159,9414,8749,4642,9108,8340,11504,2190,NA,NA,NA,NA,NA,NA,NA,NA,NA,NA,NA,NA,NA,NA,NA,353,NA,962,NA,NA,NA,4649,NA,NA,6725,826,7762,7674,5185,5523,827,NA,4756,8849,NA,NA,NA,NA,NA,8685,513,113,278,2895,896,1139,874,244,1147,7102,NA,7258,8211,5006,634,1406,5575,6670,5146,6331,NA,5611,2557,6130,NA,NA,NA,NA,NA,NA,NA,NA,NA,NA,NA,NA,NA,NA,NA,NA,8009,513,113,155,2617,707,1139,874,244,770,4714,5300,8211,1321,634,1406,2536,3609,2476,4964
"repressor_XIST_chrX_73820656_73852723_ENST00000429829.6_unspliced(-)","32068",15203,25263,23503,25034,6568,250,NA,NA,166,571,NA,NA,1166,981,27,27,169,212,NA,62,NA,NA,216,5116,3357,7502,NA,560,8539,21668,1311,NA,20319,2847,21122,19984,19878,22161,17815,826,18252,20668,11643,NA,5681,485,205,NA,15663,513,140,306,4327,1769,1139,2168,621,14020,16826,12084,14514,16456,19704,676,1791,17578,20415,20946,20446,11576,17863,19675,23175,5407,NA,NA,NA,NA,NA,NA,NA,NA,NA,169,NA,NA,NA,NA,173,672,NA,962,NA,NA,NA,13998,NA,NA,15257,912,15767,15498,10782,10953,3176,NA,12463,16637,NA,NA,NA,NA,NA,11600,513,113,306,2895,1013,1139,874,244,3932,9593,3770,9900,9624,9536,506,1406,11647,17926,16678,15286,NA,7628,8931,10316,NA,NA,103,NA,NA,NA,NA,NA,NA,3862,1254,1064,NA,2295,NA,NA,8009,513,113,155,2617,824,1139,874,244,770,4714,5300,8211,2339,NA,1406,2536,4645,7477,5691
